"serial_number","device_name","address","latitude","longitude","active_site","device_type","total_since_install","prior_to_2023","total_2023","total_2024","total_2025","total_2026","january_2026","february_2026","march_2026","april_2026","may_2026","june_2026","july_2026","august_2026","september_2026","october_2026","november_2026","december_2026","participatory_budgeting","coordinates"
"21005196","NOT IN WP","",,,"false","Box","0",,"0","0","0","0","0","0","0","0","0","0","0","0","0","0","0","0","Yes",
"21100945","(PB) INMAN SQUARE INSIDE TRASH HOUSE ATTACHED TO FENCE","504 Windsor St","42.373","-71.093","true","Box","2",,"0","0","0","2","0","0","0","1","0","1","0","0","0","0","0","0","Yes","POINT (-71.09300926 42.37300709)"
"21088399","(PB) CENTRAL SQUARE TRASH HOUSE 1","1 Newtowne Ct","42.3637","-71.0963","true","Box","0",,"0","0","0","0","0","0","0","0","0","0","0","0","0","0","0","0","Yes","POINT (-71.0963222 42.3636794)"
"21007051","WAR MEMORIAL REC CENTER","1640 Cambridge St","42.3748","-71.1098","false","Box","13","0","13","0","0","0","0","0","0","0","0","0","0","0","0","0","0","0","No","POINT (-71.1098287 42.3747536)"
"21088760"," #KC CITY OF CAMBRIDGE PB #SN CENTRAL SQ IN CORNER OF PARKING LOT ALONG FENCE. BY ELECTRICAL METER"," 60 Prospect St","42.3665","-71.1028","true","Box","2",,"0","0","0","2","0","0","0","1","1","0","0","0","0","0","0","0","Yes","POINT (-71.10284741 42.36651004)"
"17000778","JEFFERSON STREET","33 Jefferson St","42.3732","-71.0896","false","Pipe","308","0","38","38","23","209","157","0","0","0","52","0","0","0","0","0","0","0","No","POINT (-71.0895915 42.3732189)"
"21006960","MASS AVE BACK ALLEY","502 Mass Ave","42.3639","-71.1018","false","Box","5","0","5","0","0","0","0","0","0","0","0","0","0","0","0","0","0","0","No","POINT (-71.1018 42.36394)"
"21081170","(DPW) HARVARD SQUARE CEMETERY BEHIND 23 CHURCH STREET IN OLD BURIAL CEMETERY","23 Church St","42.3747","-71.1199","true","Box","8",,"0","0","0","8","0","0","0","0","8","0","0","0","0","0","0","0","No","POINT (-71.11986003 42.37465191)"
"17000077","#KC CITY OF CAMBRIDGE #45 PEMBERTON MANHOLE AND DRIVEWAY BETWEEN 49 AND 55","45 Pemberton St","42.3914","-71.1258","false","Pipe","18",,"0","0","0","18","3","3","9","3","0","0","0","0","0","0","0","0","","POINT (-71.1257809 42.3913832)"
"21006397","CAMBRIDGE PARK UNDER LOADING DOCK DECK","125 Cambridgepark Dr","42.395","-71.1459","true","Box","2",,"0","0","0","2","0","0","0","2","0","0","0","0","0","0","0","0","No","POINT (-71.1458594 42.3950462)"
"21007222","CAMBRIDGE PUBLIC LIBRARY BIKE RACK LEFT SIDE OF PARKING GARAGE	","454 Broadway","42.3737","-71.1115","true","Box","5",,"0","0","5","0","0","0","0","0","0","0","0","0","0","0","0","0","No","POINT (-71.111511 42.373653)"
"21080056","(DPW) HARVARD SQUARE ALONG BACK WALL BEHIND 20 ELIOT STREET. LEFT OF HARVARD SQUARE PARKING GARAGE.","20 Eliot Street","42.3721","-71.1212","true","Box","10",,"0","0","0","10","0","0","0","0","8","1","1","0","0","0","0","0","No","POINT (-71.12120531 42.37212806)"
"21007215","NEWTON ST ","9 Newton St","42.3583","-71.1109","false","Box","6",,"0","0","6","0","0","0","0","0","0","0","0","0","0","0","0","0","No","POINT (-71.1108843 42.3583116)"
"21001159","VELLUCCI PARK BACK RIGHT CORNER 687 CAMBRIDGE ST","687 Cambridge St","42.3722","-71.0879","false","Box","11","5","6","0","0","0","0","0","0","0","0","0","0","0","0","0","0","0","No","POINT (-71.0879 42.37221)"
"21006862","GREEN ROSE PARK","155 Harvard St","42.3659","-71.0947","false","Box","10","0","10","0","0","0","0","0","0","0","0","0","0","0","0","0","0","0","No","POINT (-71.0946606 42.3658686)"
"21100769","(PB) HARVARD SQUARE ALONG THE WALL BACK RIGHT PATIO.","8 Eliot Street","42.3723","-71.1214","true","Box","4",,"0","0","0","4","0","0","0","0","0","4","0","0","0","0","0","0","Yes","POINT (-71.12143531 42.37226617)"
"17001014","JFK AND WINTHROP","50 John F. Kennedy St","42.3721","-71.1205","false","Pipe","0",,"0","0","0","0","0","0","0","0","0","0","0","0","0","0","0","0","No","POINT (-71.1204566 42.37212539)"
"21100841","(PB) SHANNONS TOWN BACK LEFT CORNER OF COMMUNITY GARDE ALONG BUILDING","27 Elmer st","42.366","-71.1143","true","Box","2",,"0","0","0","2","0","0","0","1","0","1","0","0","0","0","0","0","Yes","POINT (-71.114319 42.3660155)"
"20121875","MASS AVE REAR ALLEY	","2380 Massachusetts Ave","42.3965","-71.1299","true","Box","31","0","8","5","14","4","0","0","4","0","0","0","0","0","0","0","0","0","No","POINT (-71.12989 42.396454)"
"17000053","26 FAIRFIELD","26 Fairfield St","42.3918","-71.1267","false","Pipe","14","0","14","0","0","0","0","0","0","0","0","0","0","0","0","0","0","0","No","POINT (-71.1266736 42.3918442)"
"21010508","CAMBRIDGE PUBLIC LIBRARY TOP OF PARKING GARAGE ","449 Broadway	","42.3741","-71.1106","true","Box","36",,"0","7","20","9","1","2","2","0","3","1","0","0","0","0","0","0","No","POINT (-71.11056593 42.37412272)"
"21060585","(addition) 120 HARVARD ST","120 Harvard St	","42.3651","-71.094","true","Box","21",,"0","0","12","9","0","0","0","3","1","5","0","0","0","0","0","0","Yes","POINT (-71.0940337 42.3650913)"
"21005902","CAMBRIDGEPARK DR FENCE BEHIND TRASH","130 Cambridge Park","42.3936","-71.1451","true","Box","7",,"0","0","5","2","0","0","1","0","1","0","0","0","0","0","0","0","No","POINT (-71.1451407 42.3936391)"
"21000549","CORNER OF EMILY ST AND BROOKLINE ST COMMUNITY GARDEN SHED 17","1 Emily St","42.3601","-71.105","false","Box","8","7","1","0","0","0","0","0","0","0","0","0","0","0","0","0","0","0","No","POINT (-71.105 42.3601)"
"21090047","(PB) ACORN PARK ATTACHED TO THE BLACK FENCE BEHIND THE DUMPSTER AT THE BACK OF THE FIRST TOWER PARKING LOT","402 Rindge Ave","42.3931","-71.14","true","Box","3",,"0","0","0","3","0","0","0","0","3","0","0","0","0","0","0","0","Yes","POINT (-71.1399904 42.3930672)"
"17000114","46 PORTER RD","46 Porter Rd","42.3891","-71.1218","false","Pipe","117","0","63","0","54","0","0","0","0","0","0","0","0","0","0","0","0","0","No","POINT (-71.1217962 42.389073)"
"21000576","RUSSELL FIELD ","359 Rindge Ave	","42.3947","-71.1375","true","Box","6",,"0","0","6","0","0","0","0","0","0","0","0","0","0","0","0","0","No","POINT (-71.1374827 42.3947141)"
"21100988"," #KC CITY OF CAMBRIDGE PB #SN CENTRAL SQ BACK OF BUILDING BY VENT PIPES"," 55 Norfolk St","42.3656","-71.1013","true","Box","21",,"0","0","0","21","0","0","0","7","10","4","0","0","0","0","0","0","Yes","POINT (-71.1013371 42.36560442)"
"21006098","175 CAMBRIDGE DR RIGHT SIDE BEHIND DUMPSTER","40 York St","42.3693","-71.0923","true","Box","1",,"0","0","0","1","0","0","0","0","0","0","1","0","0","0","0","0","No","POINT (-71.09227528 42.36930051)"
"21057419","(addition) CHA TRASH HOUSE 2 BOX 1","637 Main St","42.3639","-71.0951","true","Box","24",,"0","0","16","8","1","1","2","1","1","2","0","0","0","0","0","0","Yes","POINT (-71.0950831 42.3639036)"
"21005312","LARCH RD ","119 Larch Rd","42.3792","-71.1427","true","Box","31",,"0","5","9","17","4","0","0","1","5","7","0","0","0","0","0","0","No","POINT (-71.142722 42.3792)"
"16034812","34 FAIRFIELD","19 Fairfield St","42.3919","-71.1264","false","Pipe","0","0","0","0","0","0","0","0","0","0","0","0","0","0","0","0","0","0","No","POINT (-71.1264 42.39192)"
"21089215","(PB) NORTH CAMBRIDGE RECYCLING CORRAL ALONG BACK FENCE. RIGHT SIDE OF CORRAL	","21 Walden St","42.3907","-71.1241","true","Box","4",,"0","0","0","4","0","0","0","0","1","3","0","0","0","0","0","0","Yes","POINT (-71.1240759 42.3906609)"
"21101261"," #KC CITY OF CAMBRIDGE PB #SN CENTRAL SQ ALONG WHITE FENCE IN PARK"," 372 Massachusetts Ave","42.3628","-71.1003","true","Box","1",,"0","0","0","1","0","0","0","0","1","0","0","0","0","0","0","0","Yes","POINT (-71.10028286 42.36280548)"
"21006015","ROBERT PAINE SQ PLAYGROUND","Amory St","42.371","-71.1011","false","Box","1","0","1","0","0","0","0","0","0","0","0","0","0","0","0","0","0","0","No","POINT (-71.1010507 42.3710454)"
"17000786","JEFFERSON & HARDING","28 Jefferson St","42.3732","-71.0905","false","Pipe","31","0","23","8","0","0","0","0","0","0","0","0","0","0","0","0","0","0","No","POINT (-71.090454 42.37322809)"
"21078962","(DPW) INMAN SQUARE ATTACHED TO FENCE IN BACK YARD OF 20 OAK ST","11 Springfield St","42.3742","-71.0999","true","Box","1",,"0","0","0","1","0","0","0","0","0","1","0","0","0","0","0","0","No","POINT (-71.0999043 42.37421372)"
"21088577","(DPW) HARVARD SQUARE FRONT CORNER POINT OF PARK IN FRONT OF 1201 MASS AVE. BEHIND TRASH CANS","1201 Massachusetts Ave","42.3721","-71.1153","true","Box","0",,"0","0","0","0","0","0","0","0","0","0","0","0","0","0","0","0","No","POINT (-71.11532412 42.37214528)"
"21007215/21061659","LYNDON JOHNSON TRASH AREA","150 Erie St","42.3593","-71.1069","true","Box","21",,"0","0","0","21","0","0","3","16","2","0","0","0","0","0","0","0","No","POINT (-71.106903 42.3593375)"
"21007009","DONNELLY FIELD","Berkshire and York St","42.3694","-71.0914","true","Box","19","0","4","5","10","0","0","0","0","0","0","0","0","0","0","0","0","0","No","POINT (-71.0913946 42.3693921)"
"21026281/20127719","STARLIGHT PARKING","Bishop Richard","42.3652","-71.1019","false","Box","3","0","3","0","0","0","0","0","0","0","0","0","0","0","0","0","0","0","No","POINT (-71.101861 42.365166)"
"21100964","(PB) AVON HILL NORTH DOWN ALLEY ON LEFT SIDE OF RESTAURANT ALONG FENCE FOR 10 LANCASTER BUILDING","1760 Massachusetts Ave","42.3852","-71.1197","true","Box","1",,"0","0","0","1","0","0","0","0","0","1","0","0","0","0","0","0","Yes","POINT (-71.1196692 42.3851983)"
"21000528","CRONIN PARK IN MULCH BED AT ENTRY TO PARKING LOT","18 Pleasant St","42.3653","-71.106","true","Box","18","0","0","6","12","0","0","0","0","0","0","0","0","0","0","0","0","0","No","POINT (-71.10602836 42.36526624)"
"16034676","PEMBERTON","Pemberton St","42.3906","-71.1292","false","Pipe","0","0","0","0","0","0","0","0","0","0","0","0","0","0","0","0","0","0","No","POINT (-71.1292 42.39061)"
"21001462","HOYT FIELD ALONG FENCE BY MONTAGUE PARKING 1","304-310 Western Ave","42.3642","-71.1129","false","Box","35","17","18","0","0","0","0","0","0","0","0","0","0","0","0","0","0","0","No","POINT (-71.1129 42.36419)"
"21060462","(addition) HOWARD COMPLEX BESIDE SHED","14 Mildred Hamilton Pl	","42.3636","-71.1114","true","Box","19",,"0","0","11","8","4","1","0","1","1","1","0","0","0","0","0","0","Yes","POINT (-71.111397 42.3635687095)"
"21000772","ST PETERS FIELD ST PETERS FIELD LEFT OF ROLLING DOOR AT SALT SHED","79 Sherman St","42.3877","-71.1328","true","Box","3",,"0","0","3","0","0","0","0","0","0","0","0","0","0","0","0","0","No","POINT (-71.132843 42.387695)"
"21006246","MASS AVE LEFTY SIDE OF ENTRANCE ALONG BULDING","770 MASS AVE","42.3664","-71.1061","false","Box","0",,"0","0","0","0","0","0","0","0","0","0","0","0","0","0","0","0","No","POINT (-71.1061404 42.3663746)"
"21100851","(PB) SHANNONS TOWN RIGHT SIDE OF TRASH HOUSE 3","8 Putnam Gardens","42.366","-71.1121","true","Box","0",,"0","0","0","0","0","0","0","0","0","0","0","0","0","0","0","0","Yes","POINT (-71.1121402 42.3659858)"
"21001462","BOX #1 RIGHT OF OLD LIBRARY STAIRS 445 BROADWAY","449 Broadway","42.374","-71.1109","false","Box","2","2","0","0","0","0","0","0","0","0","0","0","0","0","0","0","0","0","No","POINT (-71.1109 42.37401)"
"21001534","DICKINSON ST BEHIND RESTAURANTS 9","Dickinson St","42.3663","-71.0945","false","Box","24","20","4","0","0","0","0","0","0","0","0","0","0","0","0","0","0","0","No","POINT (-71.0945 42.3663)"
"21004484/20049409","(addition) KING OPEN SCHOOL NEAR COMPOST BINS DOOR 12","122 Berkshire St","42.3715","-71.09","true","Box","25",,"0","0","24","1","0","1","0","0","0","0","0","0","0","0","0","0","Yes","POINT (-71.0900334 42.3714532)"
"21101038","(PB) INMAN SQUARE LEFT CORNER BESIDE DUMPSTER IN CHA LOT","155 Willow St","42.3739","-71.0912","true","Box","9",,"0","0","0","9","0","0","0","2","5","2","0","0","0","0","0","0","Yes","POINT (-71.09116587 42.37394128)"
"21005930","COOPER PARK","Cooper Park","42.3695","-71.1078","false","Box","13","0","13","0","0","0","0","0","0","0","0","0","0","0","0","0","0","0","No","POINT (-71.1078085 42.3694655)"
"21000603","101 KENNARD ST PLAYGROUND 28","101 Kinnaird St","42.367","-71.1112","false","Box","29","17","12","0","0","0","0","0","0","0","0","0","0","0","0","0","0","0","No","POINT (-71.1112 42.36705)"
"20045802","CLARY ST REAR OF HOME ALONG FENCE","10 Clary St","42.3739","-71.0983","false","Box","58","0","0","52","6","0","0","0","0","0","0","0","0","0","0","0","0","0","No","POINT (-71.0982687 42.3739076)"
"21100856"," #KC CITY OF CAMBRIDGE PB #SN CENTRAL SQ BY RED DUMPSTERS ALONG FENCE"," 7 Douglass St","42.3646","-71.1013","true","Box","0",,"0","0","0","0","0","0","0","0","0","0","0","0","0","0","0","0","Yes","POINT (-71.10129306 42.36458125)"
"21088984","(DPW) ACORN PARK INSIDE STORAGE BAY. LEFT SIDE FRONT","51 Mooney St","42.3952","-71.1525","true","Box","0",,"0","0","0","0","0","0","0","0","0","0","0","0","0","0","0","0","No","POINT (-71.15253789 42.39520447)"
"21001002","BEHIND FENCE OUTDOOR SEATING GRENDELS DEN 29","89 Winthrop St","42.3725","-71.1208","true","Box","91","6","18","27","35","5","1","0","0","2","2","0","0","0","0","0","0","0","No","POINT (-71.1208 42.37252)"
"21006971","SILVA PARK","54 Sciarappa St","42.371","-71.0814","false","Box","5","0","4","1","0","0","0","0","0","0","0","0","0","0","0","0","0","0","No","POINT (-71.0813703 42.370951)"
"21079910","HARVARD ST 279/281 ALLEY BY TRASH BINS","281 Harvard St","42.3693","-71.1039","true","Box","18",,"0","0","7","11","3","0","3","0","2","3","0","0","0","0","0","0","No","POINT (-71.1039209 42.3692608)"
"21101036"," #KC CITY OF CAMBRIDGE PB #SN CENTRAL SQ IN PARKING LOT ACROSS FROM 362 GREEN ST ENTRANCE ALONG FENCE"," 362 Green St","42.3654","-71.1055","true","Box","0",,"0","0","0","0","0","0","0","0","0","0","0","0","0","0","0","0","Yes","POINT (-71.1055275 42.3654193)"
"21006997","GOLD STAR PARK BRICK WALL AT BASEBALL FIELD","134 Gore St","42.3725","-71.0839","true","Box","20","0","0","8","6","6","0","0","0","4","2","0","0","0","0","0","0","0","No","POINT (-71.08390431 42.37248167)"
"21089120","(PB) AREA IV ALONG METAL FENCE ON RUNS FROM SEVERAL BURROWS","570 Windsor St","42.3741","-71.0927","true","Box","22",,"0","0","0","22","0","0","0","2","10","10","0","0","0","0","0","0","Yes","POINT (-71.0927322 42.3740553)"
"21005519","NORFOLK ST","283 Norfolk St","42.3719","-71.0973","false","Box","3","0","3","0","0","0","0","0","0","0","0","0","0","0","0","0","0","0","No","POINT (-71.097298 42.371857)"
"17001615","PROSPECT ST","374 Prospect St","42.3742","-71.0975","false","Pipe","31","0","0","1","29","1","1","0","0","0","0","0","0","0","0","0","0","0","No","POINT (-71.09745532 42.374241)"
"21001248","FAR LEFT OF OLD LIBRARY STAIRS 445 BROADWAY 5","449 Broadway","42.3742","-71.1106","false","Box","30","30","0","0","0","0","0","0","0","0","0","0","0","0","0","0","0","0","No","POINT (-71.1106 42.37423)"
"21099648","(PB) CENTRAL SQUARE TRASH HOUSE FOR BUILDING 150 BY CIRCLE SPACE","150 Harvard St","42.2961","-71.0812","true","Box","2",,"0","0","0","2","0","0","0","0","2","0","0","0","0","0","0","0","Yes","POINT (-71.0811878 42.2961321)"
"21004753","GOLD STAR PARK","123 Gore St","42.3729","-71.0838","false","Box","19","0","19","0","0","0","0","0","0","0","0","0","0","0","0","0","0","0","No","POINT (-71.0837612 42.372862)"
"21004720","#KC CITY OF CAMRBIDGE #SN BROADWAY","228 Broadway","42.3663","-71.0943","false","Box","3","0","3","0","0","0","0","0","0","0","0","0","0","0","0","0","0","0","No","POINT (-71.0943227 42.3663317)"
"21056980","(addition) PUTNAM GARDENS TRASH BUILDING 1 BOX 2","1 Putnam Gardens","42.3658","-71.1131","true","Box","23",,"0","0","15","8","4","1","2","1","0","0","0","0","0","0","0","0","Yes","POINT (-71.113121 42.365761)"
"21099780","(PB) INMAN SQUARE WILLOW STREET CHA TRASH HOUSE ACROSS FROM 137 WILLOW ST","137 Willow St","42.3733","-71.0915","true","Box","13",,"0","0","0","13","0","0","0","0","4","5","4","0","0","0","0","0","Yes","POINT (-71.0914983 42.3733075)"
"17001209","UNIVERSITY RD MANHOLE BY 6 GUMSKY AND LEVIN LLP","6 University Rd	","42.3729","-71.1231","false","Pipe","1",,"0","0","1","0","0","0","0","0","0","0","0","0","0","0","0","0","No","POINT (-71.1231207 42.3729365)"
"20121684","MASS AVE","2380 Massachuettes Ave","42.3968","-71.1299","false","Box","9","0","9","0","0","0","0","0","0","0","0","0","0","0","0","0","0","0","No","POINT (-71.1298807 42.396832)"
"20128891/21026098","GORE ST PARK","1 5th St","42.373","-71.0831","true","Box","2",,"0","0","2","0","0","0","0","0","0","0","0","0","0","0","0","0","No","POINT (-71.08309017 42.3730097)"
"21048678","(addition) HOWARD COMPLEX TRASH LEFT SIDE OF THE COMPLEX","231 River St","42.3632","-71.1115","false","Box","0",,"0","0","0","0","0","0","0","0","0","0","0","0","0","0","0","0","Yes","POINT (-71.111542 42.3631729819)"
"21089123","(PB) ACORN PARK BEHIND RED TRASH HOUSE OF TOWER 2","364 Rindge Ave","42.3932","-71.1392","true","Box","2",,"0","0","0","2","0","0","0","0","0","1","1","0","0","0","0","0","Yes","POINT (-71.13919121 42.39318619)"
"21006967","KENNEDY-LONGFELLOW SCHOOL","	158 Spring St","42.3695","-71.0872","false","Box","1","0","1","0","0","0","0","0","0","0","0","0","0","0","0","0","0","0","No","POINT (-71.0871966 42.3695143)"
"21091646","RICHDALE ALONG WHITE FENCE IN PARKING LOT","1 RICHDALE AVE","42.3884","-71.1214","true","Box","2",,"0","0","2","0","0","0","0","0","0","0","0","0","0","0","0","0","No","POINT (-71.1213912 42.3883538)"
"21006967","GREEN ST PARKING GARAGE AND 288 GREEN","288 Green St","42.3694","-71.0855","false","Box","9","0","9","0","0","0","0","0","0","0","0","0","0","0","0","0","0","0","No","POINT (-71.08551 42.36937)"
"21058907","(addition) RINGE AND LATIN SCHOOL","1699 Cambridge St","42.3751","-71.1118","true","Box","14",,"0","0","14","0","0","0","0","0","0","0","0","0","0","0","0","0","Yes","POINT (-71.111832 42.3750654954)"
"21001224","BOX #19 BEHIND TRASH CAN NEXT TO COMMUNITY GARDEN AT MCMATH PARK","Gerard Bergin Park","42.3907","-71.1274","false","Box","1","1","0","0","0","0","0","0","0","0","0","0","0","0","0","0","0","0","No","POINT (-71.1274 42.39072)"
"21007178","#KC CITY OF CAMBRIDGE #ELMWOOD STREET ","99 Elmwood St","42.3978","-71.1286","false","Box","0",,"0","0","0","0","0","0","0","0","0","0","0","0","0","0","0","0","No","POINT (-71.128624 42.397762)"
"21101246","(DPW) HARVARD SQUARE OLD BURIAL CEMETERY IN BACK CORNER CLOSEST TO FARWELL WAY","24 Farwell Pl","42.3748","-71.1204","true","Box","6",,"0","0","0","6","0","0","0","0","4","2","0","0","0","0","0","0","No","POINT (-71.12042488 42.37483736)"
"21088677","(PB) HARVARD SQUARE ALONG THE WALL IN SECTION BETWEEN 6 & 8 ELIOT STREET","8 Eliot Street","42.3724","-71.1213","true","Box","4",,"0","0","0","4","0","0","0","0","1","3","0","0","0","0","0","0","Yes","POINT (-71.12130802 42.37240316)"
"17001209","PUTNAM ST","572 Putnam Ave","42.3571","-71.1074","false","Pipe","225","0","148","77","0","0","0","0","0","0","0","0","0","0","0","0","0","0","No","POINT (-71.1074292 42.3571317)"
"21026094/20127747","GREEN ROSE PARK HARVARD SIDE","155 Harvard St","42.3659","-71.0947","true","Box","62","0","8","25","29","0","0","0","0","0","0","0","0","0","0","0","0","0","No","POINT (-71.0946606 42.3658686)"
"21085004","(DPW) AREA 2/MIT BEHIND BENCHES ON THE RIGHT SIDE","43 Third St","42.3714","-71.0798","true","Box","14",,"0","0","0","14","0","0","0","2","4","8","0","0","0","0","0","0","No","POINT (-71.0797728 42.3713885)"
"21092041","MT VERNON ST TRASH AREA","34 MT VERNON ST","42.387","-71.1206","true","Box","0",,"0","0","0","0","0","0","0","0","0","0","0","0","0","0","0","0","No","POINT (-71.1206439 42.3870085)"
"21100896"," #KC CITY OF CAMBRIDGE PB #SN CENTRAL SQ "," 10 Brookline St","42.3634","-71.1016","true","Box","9",,"0","0","0","9","0","0","0","1","4","4","0","0","0","0","0","0","Yes","POINT (-71.10157676 42.36340014)"
"21006396","CLARY ST DRIVEWAY","10 Clary St","42.3739","-71.0983","true","Box","0",,"0","0","0","0","0","0","0","0","0","0","0","0","0","0","0","0","No","POINT (-71.0982687 42.3739076)"
"21003963","(addition) MORSE SCHOOL DUMPSTER AREA DOORS 29 AND 30","Morse School Playground","42.3555","-71.1115","true","Box","40",,"0","0","15","25","0","0","0","2","19","4","0","0","0","0","0","0","Yes","POINT (-71.111499 42.3554503)"
"21089227","(DPW) HARVARD SQUARE SMALL PARK BY BUS STOP OF BENNETT STREET","6 Eliot St","42.3727","-71.1217","true","Box","0",,"0","0","0","0","0","0","0","0","0","0","0","0","0","0","0","0","No","POINT (-71.12172809 42.37273956)"
"20124756","STARLIGHT PARKING SECURED TO DUMPSTER CORRAL FOR H-MART","84 Bishop Allen Dr","42.3651","-71.1018","false","Box","3","0","0","3","0","0","0","0","0","0","0","0","0","0","0","0","0","0","No","POINT (-71.10183885 42.36507984)"
"21000940","#KC CITY OF CAMBRIDGE #GREEN ROSE PARK BEHIND THE TENNIS COURT BY THE ELECTRICAL BOX ON THE BROWN FENCE","155 Harvard st","42.3759","-71.1174","false","Box","2",,"0","0","2","0","0","0","0","0","0","0","0","0","0","0","0","0","No","POINT (-71.117363 42.375896)"
"17000117","45 PEMBERTON","45 Pemberton St","42.3914","-71.1258","false","Pipe","11","0","11","0","0","0","0","0","0","0","0","0","0","0","0","0","0","0","No","POINT (-71.1257562 42.3913546)"
"17003380","46 PORTER RD","46 Porter Rd","42.3891","-71.1217","false","Pipe","15",,"0","0","0","15","15","0","0","0","0","0","0","0","0","0","0","0","No","POINT (-71.1216871 42.3890544)"
"20125779","DUFFETT TOT LOT","33 Maple Ave","42.3733","-71.1043","false","Box","1","0","1","0","0","0","0","0","0","0","0","0","0","0","0","0","0","0","No","POINT (-71.10426 42.3733138)"
"21006960","VIALE BROOKLINE SIDE BESIDE HOUSE ON RIGHT SIDE","48 Amory St","42.3706","-71.1011","true","Box","7",,"0","0","0","7","0","0","0","4","2","1","0","0","0","0","0","0","No","POINT (-71.1011489 42.3706261)"
"21100898","(PB) HARVARD SQUARE BACK ALLEY OF 20 ELIOT STREET. LEFT OF HARVARD SQUARE PARKING GARAGE","20 Eliot Street","42.3721","-71.1212","true","Box","5",,"0","0","0","5","0","0","0","0","5","0","0","0","0","0","0","0","Yes","POINT (-71.12121892 42.37213833)"
"17000743","REED & DUDLEY ST","Reed St & Dudley St","42.3958","-71.1322","false","Pipe","137","0","110","10","17","0","0","0","0","0","0","0","0","0","0","0","0","0","No","POINT (-71.1321589 42.3957732)"
"21100854","(PB) INMAN SQUARE IN CHA TRASH HOUSE OFF WINDSOR ST SECURED TO STAIRS","529 Windsor St","42.3738","-71.093","true","Box","13",,"0","0","0","13","0","0","0","1","7","3","2","0","0","0","0","0","Yes","POINT (-71.0929586 42.3737962)"
"21059060","(addition) 141 WASHINGTON ST ","141 Washington St","42.3649","-71.0948","true","Box","12",,"0","0","10","2","0","0","0","0","1","1","0","0","0","0","0","0","Yes","POINT (-71.0948445 42.3648563)"
"21006192","RINDGE LATIN SCHOOL","459 Broadway Ct","42.3741","-71.1121","false","Box","8","0","8","0","0","0","0","0","0","0","0","0","0","0","0","0","0","0","No","POINT (-71.1120618 42.3741386)"
"21014883","MILLERS RIVER APARTMENTS TREE ACROSS FROM TRASH BARRELS","15 Lambert St","42.3727","-71.0872","false","Box","1",,"0","1","0","0","0","0","0","0","0","0","0","0","0","0","0","0","No","POINT (-71.0871555 42.3727415)"
"21055528","(addition) LYNDON JOHNSON TRASH/RECYLCING","115 Hamilton St","42.359","-71.1067","false","Box","5",,"0","0","5","0","0","0","0","0","0","0","0","0","0","0","0","0","Yes","POINT (-71.1067200104 42.3589669888)"
"21088435","(PB) HARVARD SQUARE ALLEY NEXT TO 22 BRATTLE STREET IN FRONT BY LARGE BLACK METAL DOUBLE DOORS","22 Brattle Street","42.3732","-71.1204","true","Box","12",,"0","0","0","12","0","0","0","4","6","2","0","0","0","0","0","0","Yes","POINT (-71.12035382 42.3732294)"
"21006402","HOYT FIELD","12 Gilmore St","42.364","-71.1113","false","Box","21","0","13","8","0","0","0","0","0","0","0","0","0","0","0","0","0","0","No","POINT (-71.1112901 42.3640086)"
"21100829","(PB) INMAN SQUARE IN WOODEN TRASH CAGE ON ROOSEVELT TOWERS","570 Windsor St","42.3741","-71.0927","true","Box","6",,"0","0","0","6","0","0","0","5","1","0","0","0","0","0","0","0","Yes","POINT (-71.0927322 42.3740553)"
"21003827","RIVER STREET","Riverside Press Park","42.3622","-71.1152","false","Box","0","0","0","0","0","0","0","0","0","0","0","0","0","0","0","0","0","0","No","POINT (-71.11516519 42.36218264)"
"21006334","DANA SQUARE PARK","70 Magazine St","42.3615","-71.1079","false","Box","13","0","9","4","0","0","0","0","0","0","0","0","0","0","0","0","0","0","No","POINT (-71.1079474 42.3614965)"
"21100819","(PB) CENTRAL SQUARE GO DOWN THE DRIVEWAY ALONG WOODEN FENCE ON LEFT SIDE BEHIND METAL TRASH CONTAINER","15 Inman St","42.3675","-71.105","true","Box","9",,"0","0","0","9","0","0","0","3","2","4","0","0","0","0","0","0","Yes","POINT (-71.1049727 42.3674846)"
"17000060","#CITY OF CAMBRIDGE #SN WINTER @ SCIARAPPA","Winter St","42.3726","-71.0812","false","Pipe","0","0","0","0","0","0","0","0","0","0","0","0","0","0","0","0","0","0","No","POINT (-71.0811673 42.3726169)"
"17000127","GORE ST","117 Gore St	","42.3724","-71.0832","false","Pipe","30",,"0","0","30","0","0","0","0","0","0","0","0","0","0","0","0","0","No","POINT (-71.0832159 42.3723559)"
"21100770","(PB) CAMBRIDGE PORT BEHIND DUMPSTER ALONG FENCE LINE","266 Brookline street","42.3575","-71.1077","true","Box","8",,"0","0","0","8","0","0","0","1","5","1","1","0","0","0","0","0","Yes","POINT (-71.1076925 42.3574747)"
"21001183","SILVA PARK AT ENTRANCE BY TRASH CAN 10","Silva Park","42.3708","-71.0813","false","Box","0","0","0","0","0","0","0","0","0","0","0","0","0","0","0","0","0","0","No","POINT (-71.0813 42.37082)"
"21005020/20061046","(addition) HAGGERTY SCHOOL BOX 2","117 Cushing St","42.3782","-71.1519","true","Box","1",,"0","0","1","0","0","0","0","0","0","0","0","0","0","0","0","0","Yes","POINT (-71.1519451693 42.3781787021)"
"21100964","(PB) AVON HILL NORTH BEHIND DUMPSTER OF 195 PROSPECT ST","203 Prospect St","42.3704","-71.101","true","Box","0",,"0","0","0","0","0","0","0","0","0","0","0","0","0","0","0","0","Yes","POINT (-71.10095624 42.37040331)"
"21006191","BROADWAY BEHIND 228 BROADWAY 1","228 Broadway","42.3663","-71.0943","true","Box","14",,"0","0","12","2","2","0","0","0","0","0","0","0","0","0","0","0","No","POINT (-71.0943227 42.3663317)"
"17000773","REED & HARVEY ST","Reed St and Harvey ST","42.3973","-71.1322","false","Pipe","0","0","0","0","0","0","0","0","0","0","0","0","0","0","0","0","0","0","No","POINT (-71.1322132 42.3972788)"
"21004756","HOWARD ST COMMUNITY CENTER","44 Howard St","42.3657","-71.1108","false","Box","14",,"0","14","0","0","0","0","0","0","0","0","0","0","0","0","0","0","No","POINT (-71.1107874 42.3657108)"
"21006862","CAMBRIDGEPARK DR BEHIND TRASH","130 Cambridge Park Dr","42.3936","-71.1451","true","Box","14",,"0","0","14","0","0","0","0","0","0","0","0","0","0","0","0","0","No","POINT (-71.1451407 42.3936391)"
"21060582","(addition) LYNDON JOHNSON TRASH AREA","150 Erie St	","42.3593","-71.1069","false","Box","13",,"0","0","13","0","0","0","0","0","0","0","0","0","0","0","0","0","Yes","POINT (-71.106903 42.3593375)"
"21014739","GORE ST TRASH AREA","145 Gore St","42.3729","-71.0844","true","Box","14",,"0","0","5","9","4","0","0","0","0","2","3","0","0","0","0","0","No","POINT (-71.0844063 42.3728888)"
"21089182","(PB) CENTRAL SQUARE IN TRASH HOUSE","140 harvard st","42.3654","-71.0947","true","Box","7",,"0","0","0","7","0","0","0","2","1","3","1","0","0","0","0","0","Yes","POINT (-71.0946823 42.3653943)"
"16034506","RINDGE AND FAIRFIELD","Rindge Terrace","42.3928","-71.1265","false","Pipe","4","4","0","0","0","0","0","0","0","0","0","0","0","0","0","0","0","0","No","POINT (-71.1265 42.39283)"
"21006862","GREEN ROSE PARK CORNER OF THE FENCE ON HARVARD STREET BY THE BEGINNING OF THE PARK.","155 Harvard st","42.3658","-71.0953","false","Box","1",,"0","0","1","0","0","0","0","0","0","0","0","0","0","0","0","0","No","POINT (-71.095329 42.365841)"
"21006463","RINDGE LATIN SCHOOL","459 Broadway Ct","42.3741","-71.1121","false","Box","3","0","3","0","0","0","0","0","0","0","0","0","0","0","0","0","0","0","No","POINT (-71.1120618 42.3741386)"
"21100991"," #KC CITY OF CAMBRIDGE PB #SN CENTRAL SQ "," 19 Brookline St","42.3637","-71.102","true","Box","5",,"0","0","0","5","0","0","0","2","2","1","0","0","0","0","0","0","Yes","POINT (-71.10201099 42.36366308)"
"17000069","GORE @ 5TH","27 5th St","42.3721","-71.083","false","Pipe","13","0","13","0","0","0","0","0","0","0","0","0","0","0","0","0","0","0","No","POINT (-71.0829849 42.37214302)"
"21089309","(PB) CENTRAL SQUARE UNDER ""TRASH HOUSE 3"" SIGN","24 Newtowne Ct","42.3639","-71.0946","true","Box","4",,"0","0","0","4","0","0","0","1","0","3","0","0","0","0","0","0","Yes","POINT (-71.0946195 42.3638916)"
"21004636","(addition) CHA TRASH HOUSE 2 BOX 2","637 Main St	","42.3641","-71.0952","true","Box","12",,"0","0","10","2","0","0","0","0","0","1","1","0","0","0","0","0","Yes","POINT (-71.095238 42.364075)"
"20045875","MILLERS RIVER APARTMENTS","15 Lambert St","42.3727","-71.0872","false","Box","3","0","3","0","0","0","0","0","0","0","0","0","0","0","0","0","0","0","No","POINT (-71.0871555 42.3727415)"
"21005507","CLARY ST REAR FENCE, BOX 2","10 Clary St	","42.3739","-71.0983","true","Box","20",,"0","20","0","0","0","0","0","0","0","0","0","0","0","0","0","0","No","POINT (-71.0982687 42.3739076)"
"21101040"," #KC CITY OF CAMBRIDGE PB #SN CENTRAL SQ PARKING LOT OF BRICK ACROSS FROM 10 ESSEX BEHIND DUMPSTERS"," 10 Essex St","42.3654","-71.1026","true","Box","5",,"0","0","0","5","0","0","0","0","0","5","0","0","0","0","0","0","Yes","POINT (-71.1025802 42.365396)"
"21000910","CLARY ST BACK OF HOUSE","10 Clary St","42.3739","-71.0983","true","Box","58",,"0","2","51","5","1","0","0","0","1","1","2","0","0","0","0","0","No","POINT (-71.0982687 42.3739076)"
"21089113"," #KC CITY OF CAMBRIDGE PB #SN CENTRAL SQ TIED TO FENCE BY PAY STATION AT BISHOP ALLEN ENTRANCE"," 84 Bishop Allen","42.3652","-71.1019","true","Box","0",,"0","0","0","0","0","0","0","0","0","0","0","0","0","0","0","0","Yes","POINT (-71.101861 42.365166)"
"20057862","GOLD STAR PARK","123 Gore St","42.3729","-71.0838","false","Box","12","0","12","0","0","0","0","0","0","0","0","0","0","0","0","0","0","0","No","POINT (-71.0837612 42.372862)"
"21006264","HARVARD ST IN 279/281 ALLEY AT TRASH BINS","281 Harvard St","42.3693","-71.1039","false","Box","0",,"0","0","0","0","0","0","0","0","0","0","0","0","0","0","0","0","No","POINT (-71.1039209 42.3692608)"
"17000109","CREIGHTON 48 CREIGHTON ST","48 Creighton St","42.3896","-71.1232","false","Pipe","97",,"0","0","97","0","0","0","0","0","0","0","0","0","0","0","0","0","No","POINT (-71.1231822 42.3896436)"
"21004857/20057845","(addition) TOBIN SCHOOL DUMPSTER AREA","11 Antrim St","42.371","-71.1035","true","Box","6",,"0","0","3","3","1","0","0","1","0","1","0","0","0","0","0","0","Yes","POINT (-71.1035045774 42.3709732908)"
"17000093","PROSPECT ST","376 Prospect St","42.3743","-71.0975","false","Pipe","63",,"0","0","0","63","0","25","20","8","8","2","0","0","0","0","0","0","No","POINT (-71.09749663 42.37427755)"
"21000445","BOX #23 NEXT TO TRASH CAN ON FAR SIDE OF TENNIS COURTS AT MCMATH PARK","100 Pemberton St","42.39","-71.1278","false","Box","0","0","0","0","0","0","0","0","0","0","0","0","0","0","0","0","0","0","No","POINT (-71.1278 42.38999)"
"21001556","#KC CITY OF CAMBRDIGE #SN BOX #20 BEHIND TRASH CAN NEXT TO TENNIS COURT","95 Bolton St","42.3902","-71.129","false","Box","1","1","0","0","0","0","0","0","0","0","0","0","0","0","0","0","0","0","No","POINT (-71.129 42.3902)"
"21010508","CAMBRIDGE PUBLIC LIBRARY","449 Broadway","42.3741","-71.1107","false","Box","27","0","18","9","0","0","0","0","0","0","0","0","0","0","0","0","0","0","No","POINT (-71.1107215 42.3741465)"
"21100944","(PB) NORTH CAMBRIDGE IN BACK PARKING LOT ALONG LEFT SIDE FENCE","2050 Massachusetts Ave","42.3909","-71.1229","true","Box","6",,"0","0","0","6","0","0","0","1","3","2","0","0","0","0","0","0","Yes","POINT (-71.1228954 42.3909236)"
"21053406","(addition) JFK APARTMENTS	","55 Essex St","42.3678","-71.1015","true","Box","3",,"0","0","3","0","0","0","0","0","0","0","0","0","0","0","0","0","Yes","POINT (-71.1014656356 42.367764)"
"17000830","WARREN & JEFFERSON","27 Warren St","42.3729","-71.0881","false","Pipe","3","0","3","0","0","0","0","0","0","0","0","0","0","0","0","0","0","0","No","POINT (-71.08809412 42.37292123)"
"21100835","(PB) SHANNONS TOWN ATTACHED TO FENCE ON LEFT OF TRASH HOUSE 1","1 Putnam Gardens","42.3658","-71.1133","true","Box","0",,"0","0","0","0","0","0","0","0","0","0","0","0","0","0","0","0","Yes","POINT (-71.1133416 42.3658051)"
"21007146","WILLIAMS PARK PLAYGROUND AT TRASH","44 Dudley St","42.3957","-71.1304","false","Box","1","0","0","1","0","0","0","0","0","0","0","0","0","0","0","0","0","0","No","POINT (-71.130394 42.39573061)"
"21101256","#KC CITY OF CAMBRIDGE PB # SN WEST SOMERVILLE DUMPSTER ON LEFT SIDE OF BUILDING","50 Churchill Ave","42.4004","-71.132","true","Box","2",,"0","0","0","2","0","0","0","0","0","2","0","0","0","0","0","0","Yes","POINT (-71.1320401 42.4003825)"
"21089233","(DPW) CAMBRIDGEPORT EAST CORNER OF LAWRENCE & MAGAZINE LEFT OF STOP SIGN RIGHT OF DUMPSTERS","70 Magazine St","42.3614","-71.1078","true","Box","2",,"0","0","0","2","0","0","0","0","1","1","0","0","0","0","0","0","No","POINT (-71.1078023 42.3614028)"
"21006401","(addition) 100 HARVARD ST","100 Harvard St","42.3649","-71.093","true","Box","20",,"0","0","20","0","0","0","0","0","0","0","0","0","0","0","0","0","Yes","POINT (-71.0930086 42.3649338)"
"21001257","FENCE TO RIGHT OF 91 CHARLES ST BOX 4","91 Charles St","42.3677","-71.0806","false","Box","14","14","0","0","0","0","0","0","0","0","0","0","0","0","0","0","0","0","No","POINT (-71.0806 42.36771)"
"21006264","RIVERSIDE PRESS PARK","Memorial Dr & River St","42.3615","-71.116","false","Box","56","0","31","19","6","0","0","0","0","0","0","0","0","0","0","0","0","0","No","POINT (-71.1159728 42.3614689)"
"17001135","HOWARD @ CALLENDAR","38 Howard St","42.3654","-71.1107","false","Pipe","1","0","0","1","0","0","0","0","0","0","0","0","0","0","0","0","0","0","No","POINT (-71.1106652 42.365369)"
"21000414","BOX 11 MCELROY PARK ON CORNER ACROSS FROM CHURCH","301 Western Ave","42.3647","-71.1128","false","Box","0","0","0","0","0","0","0","0","0","0","0","0","0","0","0","0","0","0","No","POINT (-71.1128 42.36471)"
"21014730","RIVERSIDE PRESS PARK","393 River St","42.3618","-71.1157","false","Box","0","0","0","0","0","0","0","0","0","0","0","0","0","0","0","0","0","0","No","POINT (-71.1157335 42.3618058)"
"21089281","(DPW) MID CAMBRIDGE WEST ALONG CHAIN FENCE BEHIND FAIR HEADQUARTERS. BLUE PORTION OF BUILDING. BURROWS PRESENT","15 Hovey Ave","42.3754","-71.1079","true","Box","5",,"0","0","0","5","0","0","0","0","5","0","0","0","0","0","0","0","No","POINT (-71.10788041 42.37542938)"
"21007131","WINTHROP PARK ","55 John F. Kennedy St","42.3722","-71.1205","true","Box","6",,"0","0","6","0","0","0","0","0","0","0","0","0","0","0","0","0","No","POINT (-71.12047868 42.37219094)"
"21089119","(DPW) HARVARD SQUARE BUS STOP OF ELIOT STREET ON FENCE BY PARKING GARAGE","6 Eliot St","42.3725","-71.1219","true","Box","1",,"0","0","0","1","0","0","0","0","0","1","0","0","0","0","0","0","No","POINT (-71.12194843 42.37249482)"
"21010614","(addition) AMIGOS SCHOOL NEAR RECYCLE BINS	","15 Upton St","42.363","-71.1087","true","Box","16",,"0","0","5","11","0","1","0","0","8","2","0","0","0","0","0","0","Yes","POINT (-71.1087375 42.3629899)"
"21015327","HOYT FIELD ALONG FENCE LINE ON WESTERN AVE BOX 3","12 Gilmore St","42.364","-71.1113","true","Box","172","0","0","9","142","21","0","0","1","0","0","20","0","0","0","0","0","0","No","POINT (-71.111271 42.3640312)"
"21087726"," #KC CITY OF CAMBRIDGE PB #SN CENTRAL SQ IN PARK ALONG MASS AVE FENCE"," Jill Brown","42.3633","-71.0999","true","Box","2",,"0","0","0","2","0","0","0","1","0","1","0","0","0","0","0","0","Yes","POINT (-71.09992918 42.36330358)"
"21006329","HOYT FIELD","12 Gilmore St","42.3638","-71.1122","false","Box","11","0","11","0","0","0","0","0","0","0","0","0","0","0","0","0","0","0","No","POINT (-71.1122435 42.36385)"
"21088742","(PB) CENTRAL SQUARE TRASH HOUSE BETWEEN 110-111","111 Washington St","42.3586","-71.0578","true","Box","6",,"0","0","0","6","0","0","0","0","4","2","0","0","0","0","0","0","Yes","POINT (-71.0578406 42.3586217)"
"21026605/20046400","RINDGE LATIN SCHOOL	LEFT OF OVERHEAD DOOR	","96 Ellery St","42.3741","-71.1092","false","Box","2","0","2","0","0","0","0","0","0","0","0","0","0","0","0","0","0","0","No","POINT (-71.10923556 42.37408705)"
"21062605","ESSSEX","55 Essex St","42.3677","-71.1013","true","Box","16",,"0","0","8","8","0","0","0","2","6","0","0","0","0","0","0","0","No","POINT (-71.1012738 42.36773)"
"21101251","(DPW) AREA IV IN GREENE ROSE PARK ALONG WOODEN FENCE BEHIND BUSHES ON LEFT SIDE WHEN LOOKING AT FENCE","155 Harvard St","42.3659","-71.0947","true","Box","5",,"0","0","0","5","0","0","0","1","2","1","1","0","0","0","0","0","No","POINT (-71.0946606 42.3658686)"
"21088431","(PB) HARVARD SQUARE BACK ALLEY BEHIND 74 WINTHROP IN A CORNER WITH 2 DUMPSTERS AND SOME TRASH CANS","74 Winthrop Street","42.3719","-71.1203","true","Box","3",,"0","0","0","3","0","0","0","0","2","1","0","0","0","0","0","0","Yes","POINT (-71.12031974 42.37190241)"
"21092039","(DPW) MID CAMBRIDGE WEST ON RIGHT SIDE OF FIRE STATION HEADQUARTERS ALONG WOODEN FENCE UNDER STAIRS. BURROWS NEARBY","15 Hovey Ave","42.3755","-71.1079","true","Box","9",,"0","0","0","9","0","0","0","0","6","2","1","0","0","0","0","0","No","POINT (-71.1078808 42.3755218)"
"21018761","UNIVERSITY RD BEHIND BUILDING TO THE LEFT OF BIKE RACK ON THE BLACK FENCE","4 University Rd	","42.3731","-71.1229","true","Box","6",,"0","0","2","4","0","0","1","3","0","0","0","0","0","0","0","0","No","POINT (-71.1229111 42.3730838)"
"21055325","(addition) PUTNAM GARDENS TRASH BUIDLING 3","64 Magee St","42.3659","-71.1121","true","Box","12",,"0","0","11","1","0","0","0","1","0","0","0","0","0","0","0","0","Yes","POINT (-71.1120963178 42.3658850182)"
"20127719","STARLIGHT PARKING STARLIGHT PARKING - BEHIND TREE ALONG BLUE WALL","85 Bishop Allen Dr	","42.3654","-71.1018","false","Box","1",,"0","1","0","0","0","0","0","0","0","0","0","0","0","0","0","0","No","POINT (-71.1017963644 42.36544326)"
"21091836","NEWTON AVE NEXT TO SHED ALONG FENCE","9 NEWTON AVE","42.3583","-71.1109","false","Box","6",,"0","0","6","0","0","0","0","0","0","0","0","0","0","0","0","0","No","POINT (-71.1108843 42.3583116)"
"21006397","DPW TRAILER","147 Hampshire St","42.3714","-71.0975","false","Box","32","0","21","11","0","0","0","0","0","0","0","0","0","0","0","0","0","0","No","POINT (-71.0975491 42.3713912)"
"21088381","(PB) MID CAMBRIDGE SOUTH","147R Prospect St","42.3689","-71.102","true","Box","5",,"0","0","0","5","0","0","0","0","5","0","0","0","0","0","0","0","Yes","POINT (-71.10197066 42.36892945)"
"16034785","5TH AT GORE","23 5th St","42.3722","-71.0832","false","Pipe","0","0","0","0","0","0","0","0","0","0","0","0","0","0","0","0","0","0","No","POINT (-71.0832 42.37221)"
"17000773","SPRING ST NEAR WESTLEY AVE","112 Spring St","42.3692","-71.0833","false","Pipe","6","0","0","3","3","0","0","0","0","0","0","0","0","0","0","0","0","0","No","POINT (-71.0833488 42.3691507)"
"21100894","#KC CITY OF CAMBRIDGE PB # SN SHANNON TOWN ALONG FENCE BEHIND BENCH ON COMMUNITY GARDEN","2 Blackstone St","42.3621","-71.1157","true","Box","5",,"0","0","0","5","0","0","0","0","3","2","0","0","0","0","0","0","Yes","POINT (-71.11574741 42.36210912)"
"21006263","COOPER PARK","Cooper Park","42.3695","-71.1078","false","Box","1","0","1","0","0","0","0","0","0","0","0","0","0","0","0","0","0","0","No","POINT (-71.1078085 42.3694655)"
"21100895"," #KC CITY OF CAMBRIDGE PB #SN CENTRAL SQ  IN CORNER ALONG FENCE TOWARDS DOUGLAS ST"," 485 Massachusetts Ave","42.3643","-71.1009","true","Box","1",,"0","0","0","1","0","0","0","0","1","0","0","0","0","0","0","0","Yes","POINT (-71.1009347 42.36429667)"
"21000992","TOT LOT","108 Pemberton St","42.3908","-71.1275","false","Box","10","0","5","5","0","0","0","0","0","0","0","0","0","0","0","0","0","0","No","POINT (-71.12751553 42.39081196)"
"21004533","FIRE DEPARTMENT","495 Broadway","42.3753","-71.1153","false","Box","13","0","11","2","0","0","0","0","0","0","0","0","0","0","0","0","0","0","No","POINT (-71.1152589 42.375318)"
"21101032","(PB) AREA IV BEHIND DUMPSTER RIGHT SIDE","40-50 York St","42.2999","-71.0801","false","Box","8",,"0","0","0","8","0","0","0","4","4","0","0","0","0","0","0","0","Yes","POINT (-71.0800957 42.299876)"
"21085872","(DPW) STRAWBERRY HILL ATTACHED TO FENCE OF BASEBALL FIELD NEXT TO TRASH","Glacken Field","42.3801","-71.1519","true","Box","0",,"0","0","0","0","0","0","0","0","0","0","0","0","0","0","0","0","No","POINT (-71.15186252 42.38012641)"
"21000956","BOX 26 ST PETERS FIELD BEHIND FENCE NEXT TO FIELD PARKING 81 SHERMAN","81 Sherman St","42.388","-71.1324","false","Box","20","6","12","2","0","0","0","0","0","0","0","0","0","0","0","0","0","0","No","POINT (-71.1324 42.38796)"
"21000585","TOBIN MONTESSORI SCHOOL BY BLACK FENCE FOR THE COMPOST AREA","181 Vassal Ln","42.3844","-71.14","true","Box","0",,"0","0","0","0","0","0","0","0","0","0","0","0","0","0","0","0","No","POINT (-71.1400241 42.3843764)"
"21080792","(PB) HARVARD SQUARE ALLEY BETWEEN 92 & 96 WINTHROP STREET. IN BACK RIGHT UNDER HANGING ACS NEXT TO GREASE TRAP","96 Winthrop St","42.3722","-71.1211","true","Box","11",,"0","0","0","11","0","0","0","0","8","3","0","0","0","0","0","0","Yes","POINT (-71.12112626 42.37223341)"
"21005019/20129262","(addition) KENNEDY LONGFELLOW SCHOOL DUMPSTERS ON FULKERSON","81 Fulkerson St","42.3696","-71.0876","true","Box","12",,"0","0","12","0","0","0","0","0","0","0","0","0","0","0","0","0","Yes","POINT (-71.0876030847 42.3695687064)"
"21026741","(PB) HARVARD SQUARE BEHIND 65 MOUNT AUBURN ST IN ALLEY ON BACK WALL NEXT TO WOODEN AC PROTECTION FENCE.","65 Mount Auburn Street","42.3721","-71.118","true","Box","2",,"0","0","0","2","0","0","0","0","0","1","1","0","0","0","0","0","Yes","POINT (-71.11798194 42.37214041)"
"21006266","GOLD STAR PARK","123 Gore St","42.3729","-71.0838","true","Box","49","0","13","19","17","0","0","0","0","0","0","0","0","0","0","0","0","0","No","POINT (-71.0837612 42.372862)"
"20127664","BISHOP ALLEN DR BACK YARD","94 Bishop Allen Dr","42.3646","-71.0998","true","Box","13",,"0","1","12","0","0","0","0","0","0","0","0","0","0","0","0","0","No","POINT (-71.0998073 42.3645692)"
"21091836","WILLOW ST HOMES TRASH HOUSE","14 Palermo St","42.3717","-71.0929","false","Box","0",,"0","0","0","0","0","0","0","0","0","0","0","0","0","0","0","0","No","POINT (-71.0929106 42.3717386)"
"21006260","SHARED ALLEY LEFT OF 502 MASS AVE","502 Massachusetts Ave","42.3636","-71.1017","false","Box","9","0","9","0","0","0","0","0","0","0","0","0","0","0","0","0","0","0","No","POINT (-71.1017225 42.36362815)"
"21000992","TOT LOT BEHIND FIRE HYDRANT","88 Pemberton St","42.3904","-71.127","true","Box","24","0","0","3","15","6","3","0","0","0","3","0","0","0","0","0","0","0","No","POINT (-71.12698092 42.39043)"
"21100859","(PB) HARVARD SQUARE ALONG THE WALL IN BACK PATIO OF 6 & 8 ELIOT STREET","8 Eliot Street","42.3723","-71.1214","true","Box","5",,"0","0","0","5","0","0","0","0","3","2","0","0","0","0","0","0","Yes","POINT (-71.12143208 42.372255)"
"21079995","(DPW) WELLINGTON-HARRINGTON WEST ATTACHED TO FRONT OF DPW BUILDING","147 Hampshire St","42.3717","-71.0973","true","Box","0",,"0","0","0","0","0","0","0","0","0","0","0","0","0","0","0","0","Yes","POINT (-71.09733526 42.371654)"
"21006397","DPW TRANSFORMER","147 Hampshire St","42.3714","-71.0975","false","Box","21",,"0","14","7","0","0","0","0","0","0","0","0","0","0","0","0","0","No","POINT (-71.0975491 42.3713912)"
"21000528","CRONIN PARK	","6 Western Ave	","42.3652","-71.106","false","Box","3","0","0","3","0","0","0","0","0","0","0","0","0","0","0","0","0","0","No","POINT (-71.10596358 42.3652378)"
"21100934","(PB) NEIGHBORHOOD 9 BY COMPOST BIN IN GARDEN AREA","186 Walden St","42.3868","-71.1288","true","Box","6",,"0","0","0","6","0","0","0","1","3","2","0","0","0","0","0","0","Yes","POINT (-71.1287602 42.386812)"
"21088752","(DPW) AREA 2 AT MOORE PARK ATTACHED TO FENCE BY TRASH CAN NEAR TENNIS COURT","89 Moore St","42.366","-71.094","true","Box","2",,"0","0","0","2","0","0","0","0","1","1","0","0","0","0","0","0","No","POINT (-71.0940312 42.3659638)"
"21024713/20129931","WAR MEMORIAL REC CENTER","1640 Cambridge St","42.3748","-71.1098","true","Box","18","0","0","14","4","0","0","0","0","0","0","0","0","0","0","0","0","0","No","POINT (-71.1098287 42.3747536)"
"21000576","495 BROADWAY BEHIND FIRE STATION DUMPSTER 11","491 Broadway","42.3752","-71.1145","false","Box","9","5","4","0","0","0","0","0","0","0","0","0","0","0","0","0","0","0","No","POINT (-71.1145 42.37518)"
"21007147","ROBERT PAINE SQ PLAYGROUND","Amory St","42.371","-71.1011","true","Box","40","0","23","13","3","1","0","0","0","0","0","0","1","0","0","0","0","0","No","POINT (-71.1010507 42.3710454)"
"16034596","54 PEMBERTON","54 Pemberton St","42.3913","-71.1263","false","Pipe","0","0","0","0","0","0","0","0","0","0","0","0","0","0","0","0","0","0","No","POINT (-71.1263 42.39126)"
"21100852"," #KC CITY OF CAMBRIDGE PB #SN CENTRAL SQ PARKING LOT BEHIND TASTY BURGER ALONG WALL OF TAN BUILDING"," 23 Prospect St","42.3661","-71.1036","true","Box","5",,"0","0","0","5","0","0","0","0","1","3","1","0","0","0","0","0","Yes","POINT (-71.1036221 42.3660568)"
"21090079","(DPW) ACORN PARK LEFT SIDE OF BUILDING BY SIDE DOOR","55 Mooney St","42.3952","-71.1529","true","Box","5",,"0","0","0","5","0","0","0","0","0","5","0","0","0","0","0","0","No","POINT (-71.15289213 42.39518599)"
"21005963","ARTHUR J SHALLOW PLAYGROUND","90 Bristol St","42.3674","-71.0943","false","Box","6","0","2","4","0","0","0","0","0","0","0","0","0","0","0","0","0","0","No","POINT (-71.09427 42.3673659)"
"21005595","MASS AVE","	632 Massachusetts Ave","42.3652","-71.104","false","Box","0","0","0","0","0","0","0","0","0","0","0","0","0","0","0","0","0","0","No","POINT (-71.1039542244 42.36521136)"
"21006404","DANA SQUARE PARK","70 Magazine St","42.3615","-71.1079","false","Box","14","0","10","4","0","0","0","0","0","0","0","0","0","0","0","0","0","0","No","POINT (-71.1079474 42.3614965)"
"21080001","(addition) CHA TRASH HOUSE 3","637 Main St","42.3639","-71.0951","true","Box","8",,"0","0","0","8","0","0","1","2","2","3","0","0","0","0","0","0","Yes","POINT (-71.0950831 42.3639036)"
"20074596/21005202","ROGERS ST","61-83 Rogers St","42.3666","-71.0808","true","Box","12",,"0","0","11","1","0","0","0","0","0","1","0","0","0","0","0","0","No","POINT (-71.08075633 42.366619)"
"21001686","CAMBRIDGE ST & PROSPECT ST DUMPSTERS","1245 Cambridge St","42.3735","-71.0981","false","Box","2","0","2","0","0","0","0","0","0","0","0","0","0","0","0","0","0","0","No","POINT (-71.0981332 42.3735487)"
"21006197","SHERMAN ST ST PETER PLAYGROUND","81 Sherman St","42.3876","-71.1331","true","Box","17",,"0","0","15","2","0","0","0","0","0","2","0","0","0","0","0","0","No","POINT (-71.13311809 42.38763792)"
"21000650","UNDER THE STAIRS AT DPW TRAILER 8","147 Hampshire St","42.3714","-71.0977","false","Box","9","5","4","0","0","0","0","0","0","0","0","0","0","0","0","0","0","0","No","POINT (-71.0977 42.3714)"
"21005666","(addition) PEABODY ELEMENTARY ","46 Haskell St","42.392","-71.1276","true","Box","15",,"0","0","7","8","1","0","1","0","1","3","2","0","0","0","0","0","Yes","POINT (-71.12764 42.391972)"
"21087700"," #KC CITY OF CAMBRIDGE PB #SN WEST CAMBRIDGE AT COMMUNITY GARDEN"," Tudor Park (Fresh Pond Pkwy)","42.3848","-71.1418","true","Box","6",,"0","0","0","6","0","0","0","0","4","2","0","0","0","0","0","0","Yes","POINT (-71.14180479 42.38481058)"
"20058700","POST OFFICE TO LEFT OF FRONT DOOR","770 Massachusetts Ave","42.3664","-71.1061","true","Box","35",,"0","30","3","2","1","0","0","0","0","1","0","0","0","0","0","0","No","POINT (-71.1061404 42.3663746)"
"21053239","INMAN STREET BACK FENCE","48 Amory St","42.3706","-71.101","true","Box","0",,"0","0","0","0","0","0","0","0","0","0","0","0","0","0","0","0","No","POINT (-71.10103234 42.37060315)"
"21005963","MASS AVE DUMPSTER BEHIND 1667 MASS AVE 2","1668 Massachusetts Ave","42.3821","-71.1194","true","Box","19",,"0","0","10","9","0","0","5","1","1","2","0","0","0","0","0","0","No","POINT (-71.1194105001 42.3820838001)"
"21101033","(DPW) NEIGHBORHOOD 9","",,,"true","Box","0",,"0","0","0","0","0","0","0","0","0","0","0","0","0","0","0","0","No",
"21004542","(addition) TRUMAN APARTMENTS SMOKE AREA","25 8th St","42.3708","-71.0866","true","Box","15",,"0","0","7","8","2","0","1","0","3","2","0","0","0","0","0","0","Yes","POINT (-71.0865989 42.3707973)"
"21100818","(PB) NEIGHBORHOOD 9 WALK DOWN SIDEWALK TO TRASH ROOM 1. LEFT ALONG THE FENCE","183 Walden St","42.3871","-71.1289","true","Box","7",,"0","0","0","7","0","0","0","0","0","7","0","0","0","0","0","0","Yes","POINT (-71.1289006 42.3871186)"
"21101257","(DPW) AREA 2/MIT ALONG SECOND ST DIRECTLY ACROSS OTIS ST ATTACHED TO FENCE","2 Second St","42.3714","-71.0784","true","Box","1",,"0","0","0","1","0","0","0","0","0","1","0","0","0","0","0","0","No","POINT (-71.0783526 42.371438)"
"21099646","(DPW) WELLINGTON - HARRINGTON BEHIND DIAMOND ALONG WILLOW ST TRASH","Donnelly Field","42.3701","-71.093","true","Box","0",,"0","0","0","0","0","0","0","0","0","0","0","0","0","0","0","0","No","POINT (-71.092964 42.37012828)"
"17001230","MAGEE ST","19 Magee St","42.3664","-71.1123","false","Pipe","1","0","0","1","0","0","0","0","0","0","0","0","0","0","0","0","0","0","No","POINT (-71.1123291 42.3664466)"
"21001364","BOX #22 BEHIND SCHOOL DUMPSTER NEXT TO BASEBALL AT MCGRATH PARK","77 Rindge Ave","42.3915","-71.1287","false","Box","0","0","0","0","0","0","0","0","0","0","0","0","0","0","0","0","0","0","No","POINT (-71.1287 42.39147)"
"21000950","BOX #7 MU LAN ALLEY FURTHER DOWN BEHIND WHITE FENCE","228 Broadway","42.3663","-71.0942","false","Box","0","0","0","0","0","0","0","0","0","0","0","0","0","0","0","0","0","0","No","POINT (-71.0942 42.3663)"
"21001159","PARKING LOT 6","4 Douglass St","42.3642","-71.1005","false","Box","30","0","19","11","0","0","0","0","0","0","0","0","0","0","0","0","0","0","No","POINT (-71.10053532 42.36416829)"
"21004876","(addition) HAGGERTY SCHOOL BOX 1","3 Lawn St","42.3779","-71.1525","false","Box","0",,"0","0","0","0","0","0","0","0","0","0","0","0","0","0","0","0","Yes","POINT (-71.1525408067 42.3778722267)"
"21005902","CANAL PARK","Canal Park","42.3698","-71.0757","false","Box","17","0","17","0","0","0","0","0","0","0","0","0","0","0","0","0","0","0","No","POINT (-71.0757255 42.3698316)"
"17001219","CHURCHILL AVE","15 Churchill Ave","42.4002","-71.1331","false","Pipe","0","0","0","0","0","0","0","0","0","0","0","0","0","0","0","0","0","0","No","POINT (-71.1330531 42.4002488)"
"21059063","(addition) 121 WASHINGTON ST","121 Washington St","42.3646","-71.0942","true","Box","20",,"0","0","15","5","0","0","0","1","4","0","0","0","0","0","0","0","Yes","POINT (-71.0942239 42.3646094)"
"21007217","HOYT FIELD","12 Gilmore St","42.3638","-71.1122","false","Box","1","0","1","0","0","0","0","0","0","0","0","0","0","0","0","0","0","0","No","POINT (-71.1122435 42.36385)"
"21026397/20059878","GREEN ROSE PARK BACK LEFT","155 Harvard St","42.3659","-71.0947","true","Box","45","0","2","27","6","10","2","0","0","6","1","1","0","0","0","0","0","0","No","POINT (-71.0946606 42.3658686)"
"21060588","#KC CITY OF CAMBRIDGE ADDTION #SN PROSPECT ST","195 Prospect St","42.3702","-71.1008","false","Box","0",,"0","0","0","0","0","0","0","0","0","0","0","0","0","0","0","0","Yes","POINT (-71.1007987 42.370238)"
"21000992","BEHIND FIRE HYDRANT NEXT TO BERGIN TOT LOT PLAYGROUND 24","Gerard Bergin Park","42.3909","-71.1274","false","Box","24","20","4","0","0","0","0","0","0","0","0","0","0","0","0","0","0","0","No","POINT (-71.1274 42.39087)"
"21084558","(PB) CENTRAL SQUARE TRASH HOUSE BY BUILDING 110","140 Harvard st","42.3654","-71.0947","true","Box","6",,"0","0","0","6","0","0","0","4","1","1","0","0","0","0","0","0","Yes","POINT (-71.0946823 42.3653943)"
"21007159","ST EXTENSION ON RIGHT SIDE OF BROWN FENCE","Sidney St Ext","42.3631","-71.0997","true","Box","51","0","6","39","6","0","0","0","0","0","0","0","0","0","0","0","0","0","No","POINT (-71.09973023 42.36305551)"
"21100887"," #KC CITY OF CAMBRIDGE PB #SN CENTRAL SQ IN ALLEY BEHIND BLUE DUMPSTERS"," 10 Brookline St","42.3635","-71.1015","true","Box","12",,"0","0","0","12","0","0","0","2","5","4","1","0","0","0","0","0","Yes","POINT (-71.10153632 42.36348145)"
"21004720","RIVERSIDE PRESS PARK","11 Blackstone St","42.3626","-71.1146","false","Box","0","0","0","0","0","0","0","0","0","0","0","0","0","0","0","0","0","0","No","POINT (-71.114601 42.36264718)"
"21099649","#KC CITY OF CAMBRIDGE #PB CENTRAL SQUARE NEXT TO DOORWAY TRASH HOUSE","Cambridge Housing Authority","42.3648","-71.0934","true","Box","3",,"0","0","0","3","0","0","0","2","1","0","0","0","0","0","0","0","Yes","POINT (-71.0933919 42.3648285)"
"21006207","RINDGE AVE BEHIND DUGOUT","344 Rindge Ave","42.3938","-71.1376","true","Box","8","0","0","3","2","3","0","0","1","0","2","0","0","0","0","0","0","0","No","POINT (-71.137596 42.393837)"
"21100950","(PB) EAST CAMBRIDGE LEFT SIDE OF GARDEN ALONG FENCE","263 Hurley st","42.3685","-71.083","true","Box","0",,"0","0","0","0","0","0","0","0","0","0","0","0","0","0","0","0","Yes","POINT (-71.0830416 42.3684529)"
"21001447","NEXT TO WHITE RESIDENTIAL SHED AT BERGIN PARK 18","80 Haskell St","42.3908","-71.1272","false","Box","22","17","5","0","0","0","0","0","0","0","0","0","0","0","0","0","0","0","No","POINT (-71.1272 42.39082)"
"16034778","45 PEMBERTON","45 Pemberton St","42.3914","-71.1258","false","Pipe","15","15","0","0","0","0","0","0","0","0","0","0","0","0","0","0","0","0","No","POINT (-71.1258 42.3913546)"
"21055534","(addition) PUTNAM GARDENS TRASH BUILDING 4","64 Magee St","42.3657","-71.1121","true","Box","15",,"0","0","15","0","0","0","0","0","0","0","0","0","0","0","0","0","Yes","POINT (-71.1120879153 42.3656747084)"
"21010493","(addition) MANNING HOUSING DOWN THE DRIVEWAY","237 Franklin St	","42.3643","-71.1041","true","Box","44",,"0","0","33","11","2","0","0","0","5","4","0","0","0","0","0","0","Yes","POINT (-71.1040645 42.3642548)"
"21007214","CAMBRIDGE PUBLIC LIBRARY","449 Broadway","42.3738","-71.1101","false","Box","9","0","9","0","0","0","0","0","0","0","0","0","0","0","0","0","0","0","No","POINT (-71.1101296 42.3737951)"
"17000072","RINDGE @ FAIRFIELD","128B New Boston Street	","42.3925","-71.1265","false","Pipe","0","0","0","0","0","0","0","0","0","0","0","0","0","0","0","0","0","0","No","POINT (-71.12648971 42.39252088)"
"21055373","(addition) PUTNAM GARDENS TRASH BUILDING 2 BOX 1","1 Callender St","42.3655","-71.1117","true","Box","44",,"0","0","24","20","10","5","1","1","2","1","0","0","0","0","0","0","Yes","POINT (-71.1116866636 42.3655430675)"
"21006250","GOLD STAR PARK AGAINST FENCE AT BASKETBALL COURT","134 Gore St","42.3722","-71.0842","true","Box","18",,"0","13","4","1","0","0","1","0","0","0","0","0","0","0","0","0","No","POINT (-71.0841952 42.3721823)"
"21001639","(addition) CAMBRIDGEPORT SCHOOL","89 Elm St","42.3694","-71.0978","false","Box","0",,"0","0","0","0","0","0","0","0","0","0","0","0","0","0","0","0","Yes","POINT (-71.0978303 42.3693694)"
"21001540","GREEN ROSE PARK BEHIND TRASH CAN 1 12","40 Dickinson St","42.3663","-71.0948","false","Box","22","16","6","0","0","0","0","0","0","0","0","0","0","0","0","0","0","0","No","POINT (-71.0948 42.36633)"
"21100946","(PB) MID CAMBRIDGE WEST ON LEFT SIDE OF GATE TO COMMUNITY GARDEN","599 Green St","42.3687","-71.1112","true","Box","2",,"0","0","0","2","0","0","0","0","0","2","0","0","0","0","0","0","Yes","POINT (-71.1112219 42.3686793)"
"21003968","FIRE DEPARTMENT","495 Broadway","42.3753","-71.1153","false","Box","11","0","11","0","0","0","0","0","0","0","0","0","0","0","0","0","0","0","No","POINT (-71.1152589 42.375318)"
"21100955","(PB) RUSSELL FIELD PARK IN MC MATH GARDEN ALONG FENCE BY TRASH BARREL","99 Pemberton St","42.3903","-71.127","true","Box","4",,"0","0","0","4","0","0","0","0","1","3","0","0","0","0","0","0","Yes","POINT (-71.12705 42.3902778)"
"21000528","CRONIN PARK BURROWS ALONG FENCE ACROSS FROM CHURCH 22","18 Pleasant St","42.3653","-71.1061","false","Box","9","5","4","0","0","0","0","0","0","0","0","0","0","0","0","0","0","0","No","POINT (-71.1061 42.36535)"
"21088313","(PB) CENTRAL SQUARE TRASH HOUSE BETWEEN 130-140","140 Harvard st","42.3654","-71.0947","true","Box","10",,"0","0","0","10","0","0","0","3","7","0","0","0","0","0","0","0","Yes","POINT (-71.0946823 42.3653943)"
"21101041"," #KC CITY OF CAMBRIDGE PB #SN CENTRAL SQ ATTACHED TO FENCE. FOR STAIRS"," 237 Franklin St","42.3642","-71.1041","true","Box","0",,"0","0","0","0","0","0","0","0","0","0","0","0","0","0","0","0","Yes","POINT (-71.10410637 42.36418626)"
"21005956","CAMBRIDGE PUBLIC LIBRARY","449 Broadway","42.3738","-71.1101","false","Box","16","0","16","0","0","0","0","0","0","0","0","0","0","0","0","0","0","0","No","POINT (-71.1101296 42.3737951)"
"21014804","BROADWAY BEHIND 228 BROADWAY 2","229 Broadway","42.3663","-71.0943","true","Box","16",,"0","0","12","4","0","0","0","0","0","3","1","0","0","0","0","0","No","POINT (-71.0943227001 42.3663317001)"
"17000747","STANDISH ST","60 Standish St","42.3828","-71.1396","false","Pipe","3","0","3","0","0","0","0","0","0","0","0","0","0","0","0","0","0","0","No","POINT (-71.1396234 42.382813)"
"21084704","(DPW) STRAWBERRY HILL ATTACHED TO FENCE NEXT TO TRASH ON BACK BASEBALL FIELD","691 Huron Ave","42.381","-71.1523","true","Box","1",,"0","0","0","1","0","0","0","0","0","1","0","0","0","0","0","0","No","POINT (-71.15230885 42.38096988)"
"21006259","RIVERSIDE PRESS PARK","Memorial Dr & River St","42.3615","-71.116","false","Box","10","0","10","0","0","0","0","0","0","0","0","0","0","0","0","0","0","0","No","POINT (-71.1159728 42.3614689)"
"21089016","(DPW) STRAWBERRY HILL IN REAR OF LIBRARY AGAINST FENCE BEHIND PATIO","64 Aberdeen Ave","42.3769","-71.1469","true","Box","2",,"0","0","0","2","0","0","0","0","0","1","1","0","0","0","0","0","No","POINT (-71.1468708 42.3769121)"
"21026756","(addition) WILLOW ST HOMES  TRASH AREA","14 Palermo St","42.3717","-71.0929","true","Box","22",,"0","0","6","16","0","0","6","3","7","0","0","0","0","0","0","0","Yes","POINT (-71.0929106 42.3717386)"
"21000591","MASS AVE LOADING DOCK RIGHT SIDE PARKING GARAGE AREA	","770 Massachusetts Ave","42.3663","-71.1064","true","Box","9",,"0","1","7","1","0","1","0","0","0","0","0","0","0","0","0","0","No","POINT (-71.10639091 42.36630596)"
"21026099/20058776","GREEN ROSE PARK	BACK RIGHT TOWARDS GARDEN","155 Harvard St","42.3659","-71.0947","false","Box","7","0","0","7","0","0","0","0","0","0","0","0","0","0","0","0","0","0","No","POINT (-71.0946606 42.3658686)"
"17000053","HAMMOND ST","76 Hammond St","42.3812","-71.1137","false","Pipe","29",,"0","0","0","29","0","0","0","0","29","0","0","0","0","0","0","0","No","POINT (-71.11367409 42.3811874)"
"21005519","CAMBRIDGE ST","147 Cambridge St","42.3708","-71.0781","false","Box","1","0","1","0","0","0","0","0","0","0","0","0","0","0","0","0","0","0","No","POINT (-71.0780695 42.3707906)"
"21014804","HOYT FIELD","270 Western Ave","42.3645","-71.1121","false","Box","32","0","19","10","1","2","0","0","0","0","2","0","0","0","0","0","0","0","No","POINT (-71.1120914 42.364523)"
"20057862/21026398","GOLD STAR PARK BY TRASH BINS IN PLAYGROUND","134 Gore St","42.3725","-71.0837","false","Box","4","0","0","4","0","0","0","0","0","0","0","0","0","0","0","0","0","0","No","POINT (-71.08372192 42.372478)"
"21100828","(PB) WEST SOMERVILLE ACROSS FROM 52 BY FDC CONNECTION POINT ON BUILDING","51 Clarendon Ave","42.4022","-71.1295","true","Box","3",,"0","0","0","3","0","0","0","1","1","1","0","0","0","0","0","0","Yes","POINT (-71.1294809 42.4021627)"
"21024712/20129822","RINDGE LATIN SCHOOL	RIGHT OF OVERHEAD DOOR","96 Ellery St","42.374","-71.1087","true","Box","26","0","3","6","13","4","0","0","0","0","4","0","0","0","0","0","0","0","No","POINT (-71.1087062 42.3739792)"
"21001421","BEHIND TRASH CAN IN BERGIN TOT LOT PLAYGROUND 21","88 Pemberton St","42.3905","-71.1273","false","Box","36","22","12","2","0","0","0","0","0","0","0","0","0","0","0","0","0","0","No","POINT (-71.1273 42.3905)"
"21006960","VIALE BROOKLINE SIDE BACK ALLEY","500 Massachusetts Ave","42.3639","-71.1018","false","Box","14",,"0","3","11","0","0","0","0","0","0","0","0","0","0","0","0","0","No","POINT (-71.1018485644 42.36394624)"
"21026500","(addition) WINDSOR ST","180 Windsor St","42.3656","-71.0958","true","Box","5",,"0","0","5","0","0","0","0","0","0","0","0","0","0","0","0","0","Yes","POINT (-71.095769 42.3655739)"
"21100936","#KC CITY OF CAMBRIDGE DPW # SN EAST CAMBRIDGE ON FENCE LINE RIGHT SIDE OF PARK","83 Otis St","42.3707","-71.0812","true","Box","1",,"0","0","0","1","0","0","0","1","0","0","0","0","0","0","0","0","No","POINT (-71.08119442 42.37067967)"
"20121875","MASS AVE","2368 Massachusetts Ave","42.3966","-71.1298","false","Box","1","0","1","0","0","0","0","0","0","0","0","0","0","0","0","0","0","0","No","POINT (-71.129838 42.396622)"
"21100938"," #KC CITY OF CAMBRIDGE PB #SN WEST CAMBRIDGE COMMUNITY GARDEN"," 650 Concord Ave","42.3891","-71.1491","true","Box","8",,"0","0","0","8","0","0","0","5","1","2","0","0","0","0","0","0","Yes","POINT (-71.14905288 42.38906281)"
"20049153/21003390","HOWARD ST IN FRONT OF HOUSE","39 Howard St	","42.3651","-71.111","false","Box","1",,"0","0","1","0","0","0","0","0","0","0","0","0","0","0","0","0","No","POINT (-71.1109721 42.365148)"
"21087924"," #KC CITY OF CAMBRIDGE PB #SN THE PORT ALONG GREEN FENCE CLOSE TO THE RESTAURANT"," 11 Springfield St","42.3741","-71.1","true","Box","14",,"0","0","0","14","0","0","0","1","7","6","0","0","0","0","0","0","Yes","POINT (-71.09997659 42.37413167)"
"21088581","(PB) AREA IV IN DUMPSTER CORRAL (2 BOXES HERE)","570 Windsor St","42.3741","-71.0927","true","Box","8",,"0","0","0","8","0","0","0","2","4","2","0","0","0","0","0","0","Yes","POINT (-71.0927322 42.3740553)"
"21006485","SHARED ALLEY RIGHT OF MASS AVE","502 Massachusetts Ave","42.364","-71.1018","false","Box","20","0","20","0","0","0","0","0","0","0","0","0","0","0","0","0","0","0","No","POINT (-71.10181467 42.3640405)"
"16034540","WINTER AT SCIARAPPA","40 Sciarappa St","42.3726","-71.0812","false","Pipe","1","1","0","0","0","0","0","0","0","0","0","0","0","0","0","0","0","0","No","POINT (-71.0812 42.37261)"
"21005184","HOYT FIELD MIDDLE BROWN FENCE BEHIND PLAYGROUND","1 Montague St","42.3632","-71.1125","false","Box","1",,"0","0","1","0","0","0","0","0","0","0","0","0","0","0","0","0","No","POINT (-71.11250036 42.363155)"
"21060582","(addition) HAMILTON ST ALONG WOOD FENCE LEFT SIDE","113 HAMILTON ST","42.3591","-71.1069","true","Box","29",,"0","0","19","10","1","0","2","5","2","0","0","0","0","0","0","0","Yes","POINT (-71.106941 42.359051)"
"21053219","(DPW) WELLINGTON-HARRINGTON WEST LEFT SIDE OF GATE AT THE END OF NORFOLK ST","147 Hampshire St","42.3723","-71.0966","true","Box","0",,"0","0","0","0","0","0","0","0","0","0","0","0","0","0","0","0","No","POINT (-71.09664023 42.3722907)"
"16034458","46 PORTER RD","46 Porter Rd","42.3891","-71.1218","false","Pipe","8","8","0","0","0","0","0","0","0","0","0","0","0","0","0","0","0","0","No","POINT (-71.1218 42.38907)"
"21088248","(PB) CENTRAL SQUARE TRASH HOUSE LEFT OF BUILDING 10","161 Washington Street","42.3586","-71.0584","true","Box","1",,"0","0","0","1","0","0","0","0","0","1","0","0","0","0","0","0","Yes","POINT (-71.0583614 42.3586336)"
"21026089/20058769","PROSPECT ST","357 Prospect St","42.3737","-71.098","false","Box","8","0","8","0","0","0","0","0","0","0","0","0","0","0","0","0","0","0","No","POINT (-71.0980378 42.373715)"
"21003958","ST PETERS FIELD LEFT SIDE BLACK FENCE NEXT TO LIGHT BLUE SHED","79 Sherman St","42.3879","-71.1324","true","Box","1",,"0","0","1","0","0","0","0","0","0","0","0","0","0","0","0","0","No","POINT (-71.1324013 42.3879087)"
"21001558","(addition) CHA TRASH HOUSE 1 BOX 1","9W73+GJ	","42.3638","-71.0959","true","Box","16",,"0","0","9","7","0","1","1","0","1","4","0","0","0","0","0","0","Yes","POINT (-71.0959375 42.3638125)"
"21007213","SENNOTT PARK ","310 Broadway","42.3684","-71.0989","true","Box","13",,"0","3","8","2","0","0","1","0","1","0","0","0","0","0","0","0","No","POINT (-71.098935 42.3683873)"
"21099647","(PB) HARVARD SQUARE BEHIND COMPACTOR DUMPSTER IN ALLEY OF 5 MIFFLIN PL. BEHIND A GAS METER AND PIPES","5 Mifflin Pl","42.3735","-71.1222","true","Box","4",,"0","0","0","4","0","0","0","0","2","2","0","0","0","0","0","0","Yes","POINT (-71.12220256 42.37354883)"
"21100266","(DPW) CENTRAL SQUARE BACK LEFT CORNER OF WHOLE FOODS PARKING LOT ON LEDGE","15 St Paul St","42.3681","-71.103","true","Box","2",,"0","0","0","2","0","0","0","0","2","0","0","0","0","0","0","0","No","POINT (-71.10297109 42.36810585)"
"21080819","(PB) HARVARD SQUARE TRASH AREA BETWEEN 2 & 8 HOLYOKE ST. LEFT SIDE BACK CONNECTED TO PIPE.","6 Holyoke Street","42.3728","-71.118","true","Box","13",,"0","0","0","13","0","0","0","0","5","8","0","0","0","0","0","0","Yes","POINT (-71.11797207 42.37278009)"
"21091784","TOOMEY PARK ROGERS ST BIG BELLY","71 Rogers St","42.3665","-71.0807","true","Box","6",,"0","0","0","6","0","0","0","3","2","1","0","0","0","0","0","0","No","POINT (-71.0806971 42.3664755)"
"21089117"," #KC CITY OF CAMBRIDGE PB #SN CENTRAL SQ ALONG REAR OF TOWN HALL ALONG FENCE"," 11 Inman St","42.3672","-71.1053","true","Box","6",,"0","0","0","6","0","0","0","0","3","1","2","0","0","0","0","0","Yes","POINT (-71.10526415 42.36721558)"
"20057661","MASS AVE","2368 Massachusetts Ave","42.3967","-71.1297","false","Box","6","0","4","2","0","0","0","0","0","0","0","0","0","0","0","0","0","0","No","POINT (-71.1296666 42.3966675)"
"21007117","UNIVERSITY RD BEHIND BUILDING UNDER PATIO WITH THE BENCH","4 University Rd	","42.3731","-71.1229","true","Box","1",,"0","0","0","1","0","0","0","0","0","1","0","0","0","0","0","0","No","POINT (-71.1229111 42.3730838)"
"17000796","PORTER & HARDING","81 Porter St","42.3738","-71.0903","false","Pipe","27","0","27","0","0","0","0","0","0","0","0","0","0","0","0","0","0","0","No","POINT (-71.09033961 42.37381088)"
"21006329","LIRBARY","449 Broadway	","42.3741","-71.1107","false","Box","0",,"0","0","0","0","0","0","0","0","0","0","0","0","0","0","0","0","No","POINT (-71.1107215 42.3741465)"
"21010366","KENNARD ST IN PLAYGROUND 20","90 Putnam Ave","42.3672","-71.1132","false","Box","5","0","5","0","0","0","0","0","0","0","0","0","0","0","0","0","0","0","No","POINT (-71.11324592 42.36723401)"
"21090048","(DPW) HARVARD SQUARE PARKING GARAGE OF HARVARD SQUARE HOTEL. ON FENCE INSIDE AND BY TIKI BAR","112 Mt Auburn St","42.3729","-71.1221","true","Box","0",,"0","0","0","0","0","0","0","0","0","0","0","0","0","0","0","0","No","POINT (-71.12213608 42.3729039)"
"21006458","DANA SQUARE PARK","70 Magazine St","42.3615","-71.1079","false","Box","4","0","4","0","0","0","0","0","0","0","0","0","0","0","0","0","0","0","No","POINT (-71.1079474 42.3614965)"
"21005914","PARKING LOT #8 BEHIND 7-11 1","4 Pleasant St","42.3658","-71.1057","true","Box","30",,"0","0","30","0","0","0","0","0","0","0","0","0","0","0","0","0","No","POINT (-71.10571131 42.36581417)"
"21006188","(addition) MLK SCHOOL NEAR COMPOST BINS","111 Kinnaird St","42.3675","-71.1128","false","Box","14",,"0","0","14","0","0","0","0","0","0","0","0","0","0","0","0","0","Yes","POINT (-71.112815 42.3675306)"
"21006519","GREEN ROSE PARK","155 Harvard St","42.3659","-71.0947","false","Box","15","0","7","8","0","0","0","0","0","0","0","0","0","0","0","0","0","0","No","POINT (-71.0946606 42.3658686)"
"21005184","HOYT FIELD ALONG FENCELINE ON WESTERN AVE","12 Gilmore St","42.364","-71.1113","false","Box","0","0","0","0","0","0","0","0","0","0","0","0","0","0","0","0","0","0","No","POINT (-71.111271 42.3640312)"
"21000772","BOX 30 ST PETERS FIELD LEFT OF ROLLING DOOR SALT SHED","79 Sherman St","42.3879","-71.1324","false","Box","36","10","11","15","0","0","0","0","0","0","0","0","0","0","0","0","0","0","No","POINT (-71.1324 42.38792)"
"21006866","(addition) WILLOW ST HOMES BOX 2 TRASH AREA","14 Palermo St","42.3717","-71.0929","true","Box","31",,"0","0","6","25","0","1","4","2","14","4","0","0","0","0","0","0","Yes","POINT (-71.0929106 42.3717386)"
"21088315","(DPW) CENTRAL SQUARE BEHIND FIRE HOUSE ON RIGHT SIDE ATTACHED TO AC UNIT","366 Massachusetts Ave","42.3629","-71.0998","true","Box","5",,"0","0","0","5","0","0","0","0","4","1","0","0","0","0","0","0","No","POINT (-71.0998098 42.3628847)"
"21007222","CAMBRIDGE PUBLIC LIBRARY","449 Broadway","42.3738","-71.1101","false","Box","13","0","11","2","0","0","0","0","0","0","0","0","0","0","0","0","0","0","No","POINT (-71.1101296 42.3737951)"
"21100858","(PB) AVON HILL BACK LEFT CORNER OF THE COMMUNITY GARDEN ALONG LEFT","21 Sacramento St","42.3831","-71.1179","true","Box","0",,"0","0","0","0","0","0","0","0","0","0","0","0","0","0","0","0","Yes","POINT (-71.1179284 42.3831393)"
"21059465","(addition) 150 HARVARD ST	","150 Harvard St	","42.3657","-71.0949","true","Box","11",,"0","0","11","0","0","0","0","0","0","0","0","0","0","0","0","0","Yes","POINT (-71.0948565 42.3656619)"
"21101254","(DPW) CAMBRIDGEPORT EAST BACK LEFT PARKING LOT OF 150 ERIE ST IN DUMPSTER AREA. BACK RIGHT CORNER OF DUMPSTERS CONNECTED TO METAL GATE BEAM.","150 Erie Street","42.359","-71.1072","true","Box","13",,"0","0","0","13","0","0","0","1","5","6","1","0","0","0","0","0","No","POINT (-71.1072447 42.35904537)"
"20057661/21026083","WALDEN ST COMMUTER LOT BEHIND DUMPSTER","12 Walden St","42.3908","-71.1233","true","Box","11",,"0","3","8","0","0","0","0","0","0","0","0","0","0","0","0","0","No","POINT (-71.1232906 42.3907986)"
"21088751","(DPW) NEIGHBORHOOD 9 BACK LEFT CORNER OF PARKING LOT. DUMPSTERS BY DOG PARK","166 New St","42.3907","-71.1372","true","Box","5",,"0","0","0","5","0","0","0","0","3","2","0","0","0","0","0","0","No","POINT (-71.1372031 42.3907134)"
"21006098","175 CAMBRIDGEPARK DR WALL TO LEFT OF DUMPSTERS","175 Cambridge St","42.3955","-71.1472","true","Box","5",,"0","0","0","5","0","0","0","0","0","5","0","0","0","0","0","0","No","POINT (-71.1472306 42.3954782)"
"21006207","RUSSELL FIELD","Rindge Ave","42.3935","-71.1327","false","Box","4","0","4","0","0","0","0","0","0","0","0","0","0","0","0","0","0","0","No","POINT (-71.1326595 42.3934751)"
"21060586","(addition) WEAVER APARTMENTS","81 Clifton St","42.3959","-71.1362","false","Box","0",,"0","0","0","0","0","0","0","0","0","0","0","0","0","0","0","0","Yes","POINT (-71.1361972 42.3958771)"
"20121468","BISHOP ALLEN DRIVE DUMPSTER AREA","Bishop Richard","42.3652","-71.1019","false","Box","1",,"0","1","0","0","0","0","0","0","0","0","0","0","0","0","0","0","No","POINT (-71.101861 42.365166)"
"21000950","SILVA PARK ON SCIARAPPA BY WOODEN FENCE 7 PREV","56 Sciarappa St","42.3709","-71.0815","false","Box","8","8","0","0","0","0","0","0","0","0","0","0","0","0","0","0","0","0","No","POINT (-71.0815 42.37091)"
"21026498","(addition) CHA TRASH TRASH HOUSE 3","32 Newtowne Ct","42.3638","-71.0944","true","Box","7",,"0","0","7","0","0","0","0","0","0","0","0","0","0","0","0","0","Yes","POINT (-71.0943722818 42.3637586911)"
"21091624","(DPW) ACORN PARK FRONT LEFT OF BUILDING ATTACHED TO CONTAINER","51 Mooney St","42.395","-71.153","true","Box","2",,"0","0","0","2","0","0","0","0","0","2","0","0","0","0","0","0","No","POINT (-71.15296914 42.39502478)"
"21089365","(PB) CENTRAL SQUARE INSIDE TRASH HOUSE NEXT TO BUILDING 1","141 Washington Street","42.3586","-71.0584","true","Box","2",,"0","0","0","2","0","0","0","0","0","2","0","0","0","0","0","0","Yes","POINT (-71.0583613 42.358636)"
"21089299","(PB) SHANNONS TOWN ATTACHED TO THE FENCE BY TRASH HOUSE","3 Putnam Gardens","42.3661","-71.1131","true","Box","8",,"0","0","0","8","0","0","0","0","7","0","1","0","0","0","0","0","Yes","POINT (-71.11307375 42.36611812)"
"21004520","PARKING LOT #8 BEHIND 7-11 2","4 Pleasant St","42.3658","-71.1057","true","Box","0",,"0","0","0","0","0","0","0","0","0","0","0","0","0","0","0","0","No","POINT (-71.10571131 42.36581417)"
"21006263","SIDNEY ST EXT BEHIND WALL NEXT TO SIDEWALK","Sidney St Ext","42.3632","-71.0996","false","Box","1","0","1","0","0","0","0","0","0","0","0","0","0","0","0","0","0","0","No","POINT (-71.0995532 42.3631764)"
"17001638","CALLENDAR @ DODGE","Callendar St & Dodge St","42.3654","-71.1122","false","Pipe","166","0","166","0","0","0","0","0","0","0","0","0","0","0","0","0","0","0","No","POINT (-71.1122048 42.3653535)"
"21001183","BOX #10 INSIDE GARDEN ON MOORE ST AGAINST BACK FENCE","6 Dickinson St","42.366","-71.094","false","Box","0","0","0","0","0","0","0","0","0","0","0","0","0","0","0","0","0","0","No","POINT (-71.094 42.36603)"
"21089056","(PB) HARVARD SQUARE BACKSIDE OF 1300 MASS AVE BEHIND LINE OF DUMPSTERS. CONNECTED TO GUTTER DRAIN","1312 Massachusetts Ave","42.3727","-71.1174","true","Box","4",,"0","0","0","4","0","0","0","0","3","1","0","0","0","0","0","0","Yes","POINT (-71.11742842 42.37268625)"
"21088678","(PB) HARVARD SQUARE BEHIND 65 MOUNT AUBURN ST IN ALLEY. FARTHER BACK NEAR LARGE GREY METAL GATE. SECURED TO A LARGE PIPE ON A CORNER NEAR DUMPSTER.","65 Mount Auburn Street","42.3723","-71.1178","true","Box","1",,"0","0","0","1","0","0","0","0","0","1","0","0","0","0","0","0","Yes","POINT (-71.11779779 42.37228983)"
"21100855","(PB) CENTRAL SQUARE NEXT TO PLAY AREA INSIDE GATE","637 main st","42.3639","-71.0951","true","Box","3",,"0","0","0","3","0","0","0","1","1","0","1","0","0","0","0","0","Yes","POINT (-71.0950831 42.3639036)"
"17001673","FOCH @ GLADSTONE","Foch St & Gladstone St","42.4013","-71.1346","false","Pipe","0","0","0","0","0","0","0","0","0","0","0","0","0","0","0","0","0","0","No","POINT (-71.1345556 42.4012944)"
"21100886"," #KC CITY OF CAMBRIDGE PB #SN CENTRAL SQ ACCESSIBLE ONLY THROUGH ACE/PILL HARDWARE. IN BACK ALLEY ALONG WALL BY TRASH"," 743 Massachusetts Ave","42.3665","-71.1051","true","Box","8",,"0","0","0","8","0","0","0","5","1","2","0","0","0","0","0","0","Yes","POINT (-71.1050928 42.3665346)"
"21002984","(addition) KENNEDY LONGFEWLLO SCHOOL PLAYGROUND BIG BELLY","John Ahern Field at Kennedy-Longfellow School","42.3691","-71.086","true","Box","3",,"0","0","3","0","0","0","0","0","0","0","0","0","0","0","0","0","Yes","POINT (-71.0860183178 42.3691499817)"
"21006519","BROADWAY GATE","230 Broadway","42.3665","-71.0945","false","Box","1",,"0","1","0","0","0","0","0","0","0","0","0","0","0","0","0","0","No","POINT (-71.0944631 42.3665498)"
"21089247","(PB) HARVARD SQUARE BEHIND 1276 MASS AVE ON RIGHT SIDE OF DUMPSTER LINE CONNECTED TO RAIL PIPES","1276 Massachusetts Ave","42.3724","-71.1168","true","Box","2",,"0","0","0","2","0","0","0","0","1","1","0","0","0","0","0","0","Yes","POINT (-71.11684289 42.3724269)"
"21001263","LEFT SIDE OF COMMUNITY CENTER ON HOWARD ST 16","53 Howard St","42.3658","-71.1111","false","Box","57","22","16","19","0","0","0","0","0","0","0","0","0","0","0","0","0","0","No","POINT (-71.1111 42.36579)"
"21090734","(addition) FLETCHER MAYNARD DUMPSTER AREA","225 Windsor St","42.3669","-71.0959","true","Box","0",,"0","0","0","0","0","0","0","0","0","0","0","0","0","0","0","0","Yes","POINT (-71.0959372 42.3668508)"
"21006997","GOLD STAR PARK","123 Gore St","42.3729","-71.0838","false","Box","26","0","16","10","0","0","0","0","0","0","0","0","0","0","0","0","0","0","No","POINT (-71.0837612 42.372862)"
"21100853"," #KC CITY OF CAMBRIDGE PB #SN CENTRAL SQ  UNDER FIRE ESCAPE STAIRS"," 698 Massachusetts Ave","42.3657","-71.1049","false","Box","1",,"0","0","0","1","0","0","0","1","0","0","0","0","0","0","0","0","Yes","POINT (-71.10492172 42.36566501)"
"21101250","(DPW) STRAWBERRY HILL REAR OF LIBRARY GO DOWN STAIRS. LOOK UP OLD STAIRS UNDER PATIO. TOP OF STAIRS","64 Aberdeen Ave","42.3769","-71.1469","true","Box","2",,"0","0","0","2","0","0","0","0","1","1","0","0","0","0","0","0","No","POINT (-71.1468708 42.3769121)"
"21001421","BERGIN PARK BY NEIGHBOR FENCE","88 Pemberton St","42.3909","-71.127","false","Box","5","0","0","5","0","0","0","0","0","0","0","0","0","0","0","0","0","0","No","POINT (-71.126961 42.390877)"
"17000816","MURRY HILL RD","31 Murray Hill Road","42.4018","-71.1335","false","Pipe","2","0","0","2","0","0","0","0","0","0","0","0","0","0","0","0","0","0","No","POINT (-71.1334513 42.401757)"
"21005903","CANAL PARK","Canal Park","42.3698","-71.0757","false","Box","13","0","13","0","0","0","0","0","0","0","0","0","0","0","0","0","0","0","No","POINT (-71.0757255 42.3698316)"
"21006485","ALBERICO PARK","Alberico Park","42.3609","-71.1126","false","Box","0","0","0","0","0","0","0","0","0","0","0","0","0","0","0","0","0","0","No","POINT (-71.1126364 42.3609341)"
"21060584","(addition) WILLOW ST HOMES TRASH AREA BOX 2","14-16 Palermo St","42.3715","-71.093","false","Box","5",,"0","0","5","0","0","0","0","0","0","0","0","0","0","0","0","0","Yes","POINT (-71.0930093294 42.3715214954)"
"21001222","BOX 2 IN BED TO LEFT OF MAINTENANCE SHED 99 SHERMAN ST","99 Sherman St","42.3888","-71.1367","false","Box","4","4","0","0","0","0","0","0","0","0","0","0","0","0","0","0","0","0","No","POINT (-71.1367 42.38885)"
"21055532","#KC CITY OF CAMBRDIGE ADDITION #SN PUTNAM GARDENS TRASH BUILDING 2 BOX 2","64 Magee St","42.3663","-71.1131","true","Box","19",,"0","0","9","10","6","0","2","2","0","0","0","0","0","0","0","0","Yes","POINT (-71.1130903294 42.366276)"
"21005595","SQUIRREL BRAND PARK","Squirrel Brand Community Garden","42.3673","-71.0969","false","Box","6","0","5","1","0","0","0","0","0","0","0","0","0","0","0","0","0","0","No","POINT (-71.09685865 42.36729534)"
"21100821","(PB) AGASSIZ IN BACK PARKING LOT ALONG WOODEN FENCE BEHIND GUARD RAIL","1713 Massachusetts Ave","42.3835","-71.1192","true","Box","8",,"0","0","0","8","0","0","0","0","5","3","0","0","0","0","0","0","Yes","POINT (-71.1191506 42.3835486)"
"21000522","DUFFIT TOT LOT","33 Maple Ave","42.3733","-71.1043","false","Box","4","0","4","0","0","0","0","0","0","0","0","0","0","0","0","0","0","0","No","POINT (-71.10426 42.3733138)"
"21006188","(addition) TOBIN MONTESSORI SCHOOL BEHIND BLACK DUMPSTER","181 Vassal Ln","42.3844","-71.14","true","Box","7",,"0","0","6","1","0","0","0","0","0","1","0","0","0","0","0","0","Yes","POINT (-71.1400241 42.3843764)"
"21101037","(PB) CAMBRIDGEPORT EAST IN COMMUNITY GARDEN ALONG BLACK FENCE","3 Emily St","42.36","-71.1049","true","Box","9",,"0","0","0","9","0","0","0","6","2","1","0","0","0","0","0","0","Yes","POINT (-71.10494753 42.36002113)"
"21003918/20123649","(addition) GRAHAM AND PARKS SCHOOL","123 Walker St","42.3826","-71.1241","true","Box","13",,"0","0","13","0","0","0","0","0","0","0","0","0","0","0","0","0","Yes","POINT (-71.1241239875 42.382566746)"
"21005184","MASS AVE DUMPSTER BEHIND 1667 MASS AVE 1","1667 Massachusetts Ave","42.3821","-71.1194","true","Box","7",,"0","0","6","1","0","0","1","0","0","0","0","0","0","0","0","0","No","POINT (-71.1194105 42.3820838)"
"21006952","RIVERSIDE PRESS PARK","Memorial Dr & River St","42.3615","-71.116","false","Box","18","0","18","0","0","0","0","0","0","0","0","0","0","0","0","0","0","0","No","POINT (-71.1159728 42.3614689)"
"21006960","ARTHUR J SHALLOW PLAYGROUND","90 Bristol St","42.3674","-71.0943","false","Box","13","0","13","0","0","0","0","0","0","0","0","0","0","0","0","0","0","0","No","POINT (-71.09427 42.3673659)"
"20061046/21005020","MASSACHUSETTS AVE REAR ALLEY","2368 Massachusetts Ave	","42.3967","-71.1297","false","Box","0","0","0","0","0","0","0","0","0","0","0","0","0","0","0","0","0","0","No","POINT (-71.1296666 42.3966675)"
"21006667","MASS AVE FIRE HOUSE","366 Mass Ave","42.3629","-71.0998","true","Box","34","0","8","11","10","5","0","2","1","0","0","2","0","0","0","0","0","0","No","POINT (-71.099785 42.362919)"
"21026616","RUSSELL FIELD","359 Rindge Ave","42.3947","-71.1375","false","Box","11","0","5","6","0","0","0","0","0","0","0","0","0","0","0","0","0","0","No","POINT (-71.1374827 42.3947141)"
"21026747","MASS AVE LEFT SIDE OF ENTRANCE ALONG BUILDING","770 Massachusetts Ave","42.3664","-71.1061","true","Box","11",,"0","0","8","3","0","0","0","3","0","0","0","0","0","0","0","0","No","POINT (-71.1061404 42.3663746)"
"21100857","(PB) SHANNONS TOWN BACK LEFT CORNER BEHIND BUILDING LEFT OF 269 PUTNAM","269 Putnam Ave","42.3627","-71.1138","true","Box","15",,"0","0","0","15","0","0","0","0","5","10","0","0","0","0","0","0","Yes","POINT (-71.1138034 42.3626775)"
"21000940","BEHIND TRASH IN FRONT OF PEET'S COFFEE","102 Mt Auburn St","42.3726","-71.1207","false","Box","35","25","10","0","0","0","0","0","0","0","0","0","0","0","0","0","0","0","No","POINT (-71.1207 42.37258)"
"21100850"," #KC CITY OF CAMBRIDGE PB #SN CENTRAL SQ "," 215 Green St","42.3641","-71.1028","true","Box","9",,"0","0","0","9","0","0","0","3","4","2","0","0","0","0","0","0","Yes","POINT (-71.1027764 42.36413768)"
"21085869","(DPW) CENTRAL SQUARE LEFT SIDE OF BUILDING IN ALLEY","877 Massachusetts Ave","42.3682","-71.1079","true","Box","0",,"0","0","0","0","0","0","0","0","0","0","0","0","0","0","0","0","No","POINT (-71.10793235 42.36817815)"
"21090052","(DPW) ACORN PARK ON BACK RIGHT CORNER OF 165 BUILDING BY GENERATOR CAGE ATTACHED TO BUILDING. GO DOWN ALLEY BETWEEN 165 AND 125","165 Cambridgepark Dr","42.3954","-71.1471","true","Box","7",,"0","0","0","7","0","0","0","0","2","5","0","0","0","0","0","0","No","POINT (-71.1471443 42.3954491)"
"21006191","HOYT FIELD","12 Gilmore St","42.364","-71.1113","false","Box","15","0","6","9","0","0","0","0","0","0","0","0","0","0","0","0","0","0","No","POINT (-71.1112901 42.3640086)"
"21010617/21055466","(addition) HAGGERTY SCHOOL","3 Lawn St","42.3779","-71.1526","true","Box","6",,"0","0","1","5","0","0","0","0","5","0","0","0","0","0","0","0","Yes","POINT (-71.1525623 42.3778785)"
"21079997","(PB) HARVARD SQUARE BEHIND 30 BOW STREET ON LEFT SIDE WOOD FENCE. ON MT AUBURN STREET SIDE","45 Mt Auburn St","42.3713","-71.1164","true","Box","2",,"0","0","0","2","0","0","0","0","2","0","0","0","0","0","0","0","Yes","POINT (-71.11641743 42.37129393)"
"21100939"," #KC CITY OF CAMBRIDGE PB #SN CENTRAL SQ IN PARKING LOT ALONG MUREL WALL ON LEFT SIDE BY DUMPSTER"," 84 Bishop Allen","42.3652","-71.1019","true","Box","5",,"0","0","0","5","0","0","0","0","0","5","0","0","0","0","0","0","Yes","POINT (-71.101861 42.365166)"
"21001534","BOX #9 ALLEY BEHIND MU LAN RESTAURANT","228 Broadway","42.3664","-71.0942","false","Box","6","6","0","0","0","0","0","0","0","0","0","0","0","0","0","0","0","0","No","POINT (-71.0942 42.36638)"
"21005669","(addition) WEAVER APPARTMENTS","81 Clifton St","42.3959","-71.1361","true","Box","2",,"0","0","0","2","0","0","1","0","1","0","0","0","0","0","0","0","Yes","POINT (-71.1360799 42.3958694)"
"21006330","WAR MEMORIAL REC CENTER","1640 Cambridge St","42.3748","-71.1098","false","Box","11","0","10","1","0","0","0","0","0","0","0","0","0","0","0","0","0","0","No","POINT (-71.1098287 42.3747536)"
"16034888","GORE AT FIFTH ST","27 5th St","42.3721","-71.083","false","Pipe","2","2","0","0","0","0","0","0","0","0","0","0","0","0","0","0","0","0","No","POINT (-71.083 42.37213)"
"21006667","MASS AVE","632 Masschusetts Ave","42.3652","-71.104","false","Box","4","0","4","0","0","0","0","0","0","0","0","0","0","0","0","0","0","0","No","POINT (-71.104040055 42.365203436)"
"21026546/20127664","BISHOP ALLEN DR","39 Bishop Allen Dr","42.3646","-71.0998","false","Box","12","0","7","5","0","0","0","0","0","0","0","0","0","0","0","0","0","0","No","POINT (-71.0998073 42.3645692)"
"21088133","(DPW) CAMBRIDGEPORT EAST LEFT SIDE FENCE OF PARK","223 Sidney St","42.3572","-71.1064","true","Box","0",,"0","0","0","0","0","0","0","0","0","0","0","0","0","0","0","0","No","POINT (-71.1064106 42.3572286)"
"21010366","KENNARD ST IN PLAYGROUND","116 Kinnaird St","42.3679","-71.1126","true","Box","3",,"0","0","3","0","0","0","0","0","0","0","0","0","0","0","0","0","No","POINT (-71.11256422 42.36793457)"
"21101030","(PB) ACORN PARK BEHIND ELECTORAL GENERATOR BY TRASH OF FOR TOWER 1","402 Rindge Ave","42.3931","-71.14","true","Box","10",,"0","0","0","10","0","0","0","5","1","3","1","0","0","0","0","0","Yes","POINT (-71.1399904 42.3930672)"
"17000823","CEDAR & HARVEY ST","Cedar St and Harvey St","42.3972","-71.1309","false","Pipe","9","0","9","0","0","0","0","0","0","0","0","0","0","0","0","0","0","0","No","POINT (-71.1308818 42.3971971)"
"21001159","LOT 6 BEHIND MCDONALDS NEXT TO BROWN FENCE","Massachusetts Ave & Sidney St","42.363","-71.0996","true","Box","1",,"0","0","0","1","0","0","0","0","0","1","0","0","0","0","0","0","No","POINT (-71.0996235 42.3629887)"
"16034005","46 PORTER RD","46 Porter Rd","42.3891","-71.1218","false","Pipe","39","39","0","0","0","0","0","0","0","0","0","0","0","0","0","0","0","0","No","POINT (-71.1218 42.38907)"
"21001661","(addition) MLK SCHOOL DUMPSTER AREA","111 Kinnaird St","42.3675","-71.1128","true","Box","28",,"0","0","14","14","3","0","3","1","4","1","2","0","0","0","0","0","Yes","POINT (-71.112815 42.3675306)"
"21089979","(DPW) CAMBRIDGEPORT EAST IN NUNES PARK BACK LEFT CORNER NEAR TENNIS COURT","520 Putnam Ave","42.3582","-71.1087","true","Box","0",,"0","0","0","0","0","0","0","0","0","0","0","0","0","0","0","0","No","POINT (-71.1086673 42.3582348)"
"21007092","RICHDALE AVE THE YAUSHAYANS","1 Richdale Ave","42.3885","-71.1215","false","Box","0",,"0","0","0","0","0","0","0","0","0","0","0","0","0","0","0","0","No","POINT (-71.121536 42.388515)"
"21089171","(PB) ACORN PARK ALONG BACK FENCE OF TOWER 3 NEAR THE TRACKS","362 Rindge Ave","42.3926","-71.1381","true","Box","1",,"0","0","0","1","0","0","0","0","1","0","0","0","0","0","0","0","Yes","POINT (-71.1381297 42.3925535)"
"21000636","PROSPECT ST DUMPSTER CORRAL","357 Prospect St","42.3737","-71.098","false","Box","0","0","0","0","0","0","0","0","0","0","0","0","0","0","0","0","0","0","No","POINT (-71.098 42.37372)"
"21087928"," #KC CITY OF CAMBRIDGE PB #SN CENTRAL SQ ATTACHED THE FENCE BY DOUBLE TRASH DOOR ON FRANKLIN ST"," 10 Magazine St","42.3644","-71.1047","true","Box","8",,"0","0","0","8","0","0","0","2","2","2","2","0","0","0","0","0","Yes","POINT (-71.1046982 42.3644444)"
"21006858","DONNELLY FIELD","York St and Berkshire St","42.3702","-71.0917","false","Box","9","0","9","0","0","0","0","0","0","0","0","0","0","0","0","0","0","0","No","POINT (-71.0917462 42.3702161)"
"21086100","(DPW) HARVARD SQUARE SMALL TRIANGULAR PARK IN FRONT OF DOOR OF 59 MOUNT AUBURN STREET","66 Mt Auburn St","42.3718","-71.1179","true","Box","1",,"0","0","0","1","0","0","0","0","0","0","1","0","0","0","0","0","No","POINT (-71.11791056 42.37179136)"
"21006246","POST OFFICE RIGHT OF FRONT DOOR BY GAS METER","770 Massachusetts Ave","42.3664","-71.1061","false","Box","34",,"0","28","6","0","0","0","0","0","0","0","0","0","0","0","0","0","No","POINT (-71.1061404 42.3663746)"
"21020887"," #KC CITY OF CAMBRIDGE PB #SN CENTRAL SQ  UNDER FIRE ESCAPE STAIRS"," 698 Massachusetts Ave","42.3657","-71.1049","true","Box","2",,"0","0","0","2","0","0","0","0","0","2","0","0","0","0","0","0","Yes","POINT (-71.10492172 42.36566501)"
"21026838","CLARK STREET","151 Clark St","42.3665","-71.0945","true","Box","22",,"0","4","18","0","0","0","0","0","0","0","0","0","0","0","0","0","No","POINT (-71.0944743294 42.3665205)"
"21004157","CAMBRIDGE ST & PROSPECT ST","1245 Cambridge St","42.3735","-71.0981","false","Box","4","0","4","0","0","0","0","0","0","0","0","0","0","0","0","0","0","0","No","POINT (-71.0981332 42.3735487)"
"21089344"," #KC CITY OF CAMBRIDGE PB #SN CENTRAL SQ ALONG FENCE BY CAMBRIDGE SENIOR CENTER"," 18 Sellers St","42.3664","-71.1067","true","Box","3",,"0","0","0","3","0","0","0","0","3","0","0","0","0","0","0","0","Yes","POINT (-71.10669677 42.36639482)"
"21092556","GREEN ST BACK OF BULIMIA DUMPSTER AREA","363 GREEN ST","42.3658","-71.1055","true","Box","20",,"0","0","20","0","0","0","0","0","0","0","0","0","0","0","0","0","No","POINT (-71.1055187 42.3658407)"
"16034503","26 FAIRFIELD","26 Fairfield St","42.3918","-71.1267","false","Pipe","16","16","0","0","0","0","0","0","0","0","0","0","0","0","0","0","0","0","No","POINT (-71.1267 42.39184)"
"21005903","CAMBRIDGEPARK DR LEFT OF LOADING DOCK DECK","125 Cambridgepark Dr","42.395","-71.1459","true","Box","11",,"0","0","1","10","0","0","8","1","1","0","0","0","0","0","0","0","No","POINT (-71.1458594 42.3950462)"
"21001537","NEXT TO GARAGE ACROSS FROM GARDEN ON MOORE ST 14","93-95 Moore St","42.3661","-71.094","false","Box","22","22","0","0","0","0","0","0","0","0","0","0","0","0","0","0","0","0","No","POINT (-71.094 42.36615)"
"21059844","(addition) FLETCHER MAYNARD DUMPSTER AREA","248 Broadway","42.3671","-71.096","false","Box","13",,"0","0","13","0","0","0","0","0","0","0","0","0","0","0","0","0","Yes","POINT (-71.0959656 42.3671287)"
"21014883","MILLERS RIVER APARTMENTS","15 Lambert St","42.3726","-71.0871","false","Box","21","0","1","20","0","0","0","0","0","0","0","0","0","0","0","0","0","0","No","POINT (-71.087067 42.3726017)"
"17000109","CREIGHTON","50 Creighton St","42.3896","-71.1232","false","Pipe","39",,"0","0","0","39","12","3","0","0","24","0","0","0","0","0","0","0","No","POINT (-71.12322956 42.38962579)"
"21088234","(PB) THE PORT ALONG COMMUNITY GARDEN FENCE OFF DICKINSON ST PRIVATE WAY","89 Moore St","42.3659","-71.0939","true","Box","7",,"0","0","0","7","0","0","0","4","3","0","0","0","0","0","0","0","Yes","POINT (-71.09390465 42.36593504)"
"21000522","DUFFIT TOT LOT INSIDE PLAYGROUND","33 Maple Ave","42.3733","-71.1042","false","Box","0","0","0","0","0","0","0","0","0","0","0","0","0","0","0","0","0","0","No","POINT (-71.10424162 42.37330829)"
"21005956","TOOMEY PARK DOG PARK","Dog Park at Toomey Park","42.3668","-71.0812","false","Box","2","0","2","0","0","0","0","0","0","0","0","0","0","0","0","0","0","0","No","POINT (-71.0812257 42.3668105)"
"21001558","LEFT OF 1700 CAMBRIDGE ST LOADING DOCK 3","1683 Cambridge St","42.3749","-71.1117","false","Box","30","11","15","4","0","0","0","0","0","0","0","0","0","0","0","0","0","0","No","POINT (-71.1117 42.37494)"
"21100817","(PB) KENDALL SQUARE ATTACHED TO ELECTRICAL CAGE IN SMALL LOT OFF LAMBERT","15 Lambert St","42.3727","-71.0872","true","Box","3",,"0","0","0","3","0","0","0","3","0","0","0","0","0","0","0","0","Yes","POINT (-71.0871555 42.3727415)"
"21026329/20120475","RINDGE LATIN SCHOOL	ENTRANCE TO PARKING GARAGE BEHIND PARK BENCH","449 Broadway Ct	","42.374","-71.1114","false","Box","9","0","4","5","0","0","0","0","0","0","0","0","0","0","0","0","0","0","No","POINT (-71.111397 42.373978)"
"17000764","PORTER & WARREN","5 Porter St","42.3735","-71.0881","false","Pipe","0","0","0","0","0","0","0","0","0","0","0","0","0","0","0","0","0","0","No","POINT (-71.08807474 42.37346293)"
"21100947","(PB) KENDALL SQUARE TIED TO FENCE NEAR ENTRANCE OF BUILDING","15 Lambert St","42.3727","-71.0872","true","Box","1",,"0","0","0","1","0","0","0","0","0","1","0","0","0","0","0","0","Yes","POINT (-71.0871555 42.3727415)"
"21001449","BEHIND TRASH AT COMMUNITY CENTER ON HOWARD ST 15","1 Callender St","42.3654","-71.1113","false","Box","45","34","11","0","0","0","0","0","0","0","0","0","0","0","0","0","0","0","No","POINT (-71.1113 42.36544)"
"16034627","RINDGE AND HASKELL","Rindge Ave @ Haskell St","42.3926","-71.1276","false","Pipe","110","110","0","0","0","0","0","0","0","0","0","0","0","0","0","0","0","0","No","POINT (-71.1276 42.39262)"
"17000776","STANDING & MALCOM ST","Malcolm Rd & Standish St","42.3818","-71.139","false","Pipe","145","0","145","0","0","0","0","0","0","0","0","0","0","0","0","0","0","0","No","POINT (-71.1389954 42.3817915)"
"21058730","(addition) MANNING HOUSING","280 Green St","42.3646","-71.1042","true","Box","6",,"0","0","6","0","0","0","0","0","0","0","0","0","0","0","0","0","Yes","POINT (-71.1042151 42.3645549)"
"17000098","RINDGE @ HASKELL","Rindge Ave @ Haskell St","42.3925","-71.1275","false","Pipe","12","0","12","0","0","0","0","0","0","0","0","0","0","0","0","0","0","0","No","POINT (-71.12754185 42.39254011)"
"21007146","RUSSELL FIELD","1 Rindge Ave","42.3935","-71.1327","false","Box","1","0","1","0","0","0","0","0","0","0","0","0","0","0","0","0","0","0","No","POINT (-71.1326595 42.3934751)"
"21100951"," #KC CITY OF CAMBRIDGE PB #SN WEST CAMBRIDGE COMMUNITY GARDEN GATE"," 650 Concord Ave","42.3891","-71.1488","true","Box","9",,"0","0","0","9","0","0","0","1","2","6","0","0","0","0","0","0","Yes","POINT (-71.14884782 42.38909159)"
"21000731","#KC CITY OF CAMBRIDGE # MASS AVE BACK LOADING DOCK NEXT TO RED DUMPSTER","770 Massachusetts Ave","42.3664","-71.1061","true","Box","11",,"0","1","7","3","1","0","1","0","1","0","0","0","0","0","0","0","No","POINT (-71.1061404 42.3663746)"
"21006623","COOPER PARK BEHIND TRASH NEAR CONSTRUCTION","110 Hancock St	","42.3693","-71.1077","true","Box","6",,"0","0","5","1","0","0","0","0","0","1","0","0","0","0","0","0","No","POINT (-71.1077119 42.36929298)"
"21101253","(PB) CENTRAL SQUARE NEXT TO TRASH HOUSE","107 Harvard St","42.365","-71.0926","true","Box","9",,"0","0","0","9","0","0","0","0","4","5","0","0","0","0","0","0","Yes","POINT (-71.0926253 42.3650327)"
"21053015","(DPW) WELLINGTON-HARRINGTON WEST END OF 329 NORFOLK ST ATTACHED TO FENCE NEXT TO DRIVEWAY","329 B Norfolk St","42.3723","-71.0968","true","Box","0",,"0","0","0","0","0","0","0","0","0","0","0","0","0","0","0","0","No","POINT (-71.09683757 42.37228007)"
"20128998/21026396","CLARY ST BACK YARD ALONG FENCE	","10 Clary St","42.3739","-71.0983","true","Box","42",,"0","5","27","10","1","0","0","2","1","6","0","0","0","0","0","0","No","POINT (-71.0982687 42.3739076)"
"21088714","(DPW) HARVARD SQUARE CORNER OF THE CEMETERY CLOSEST TO THE CHURCH/MASS AVE","1 Church Street","42.3747","-71.1193","true","Box","6",,"0","0","0","6","0","0","0","0","5","1","0","0","0","0","0","0","No","POINT (-71.11925856 42.37470473)"
"21003720","(addition) CHA TRASH HOUSE 1 BOX 2","9W73+GJ Cambridge	","42.3638","-71.0959","false","Box","0",,"0","0","0","0","0","0","0","0","0","0","0","0","0","0","0","0","Yes","POINT (-71.095901 42.3638495045)"
"21101255"," #KC CITY OF CAMBRIDGE PB #SN CENTRAL SQ ALONG BROWN FENCE"," 12 Inman St","42.3671","-71.1047","true","Box","13",,"0","0","0","13","0","0","0","5","3","4","1","0","0","0","0","0","Yes","POINT (-71.10468203 42.3671213)"
"21000950","SILVA PARK ON SCIARAPPA BY WOODEN FENCE 7 ","56 Sciarappa St","42.3709","-71.0815","true","Box","9",,"0","0","1","8","1","3","2","0","1","1","0","0","0","0","0","0","No","POINT (-71.08145747 42.37091484)"
"21004974","DONNELLY FIELD","Berkshire and York St","42.3694","-71.0914","false","Box","5","0","5","0","0","0","0","0","0","0","0","0","0","0","0","0","0","0","No","POINT (-71.0913946 42.3693921)"
"21005595","BROADWAY COMMUNITY GARDEN COMMUNITY GARDEN BACK LEFT SIDE NEXT TO THE GRILL","268 Broadway","42.3676","-71.0971","true","Box","20",,"0","9","10","1","0","0","1","0","0","0","0","0","0","0","0","0","No","POINT (-71.0970893 42.3675854)"
"21057246","(addition) HOWARD COMPLEX TRASH BINS OFFICE","195 River St","42.3636","-71.111","true","Box","31",,"0","0","16","15","0","0","0","1","5","9","0","0","0","0","0","0","Yes","POINT (-71.1109650847 42.3635567095)"
"20127536/21004479","HAMPSHIRE STREET","147 Hampshire St","42.3715","-71.0975","true","Box","92","0","24","32","23","13","0","0","6","1","1","3","2","0","0","0","0","0","No","POINT (-71.097481 42.37151191)"
"21006043","PEMBERTON STREET BY NEIGHBORS FENCE","88 Pemberton St	","42.3905","-71.1269","true","Box","1",,"0","0","1","0","0","0","0","0","0","0","0","0","0","0","0","0","No","POINT (-71.1269427 42.3904975)"
"21100961","(PB) ACORN PARK ATTACHED TO FENCE ACROSS FROM UNIT 510-520 CLIFTON PL","510 Clifton Cir","42.3925","-71.1363","true","Box","1",,"0","0","0","1","0","0","0","0","0","0","1","0","0","0","0","0","Yes","POINT (-71.1363036 42.3925437)"
"21001185","DPW 147 HAMPSHIRE ST BEHIND TRAILER 6 BOX #6 DPW 147 HAMPSHIRE ST BEHIND TRAILER","283 Norfolk St","42.3718","-71.097","true","Box","1",,"0","0","1","0","0","0","0","0","0","0","0","0","0","0","0","0","No","POINT (-71.09699387 42.37184425)"
"21090089","(PB) AREA IV LEFT OF DUMPSTER","40-50 York St","42.3693","-71.0918","true","Box","5",,"0","0","0","5","0","0","0","5","0","0","0","0","0","0","0","0","Yes","POINT (-71.0918306 42.3693386)"
"21100954","(PB) CAMBRIDGEPORT EAST BACK LEFT CORNER OF COMMUNITY GARDEN","16 Watson St","42.362","-71.1043","true","Box","7",,"0","0","0","7","0","0","0","0","4","1","2","0","0","0","0","0","Yes","POINT (-71.10433006 42.36200757)"
"21001245","BOX #17 BEHIND TRASH CAN AT MCELROY PARK","20 Pleasant St","42.3652","-71.1065","false","Box","1","1","0","0","0","0","0","0","0","0","0","0","0","0","0","0","0","0","No","POINT (-71.1065 42.36518)"
"17001339","ALLSTON ST","88 Allston St","42.3577","-71.1069","false","Pipe","614","0","424","186","4","0","0","0","0","0","0","0","0","0","0","0","0","0","No","POINT (-71.1068642 42.3577128)"
"21010518","(addition) BALDWIN SCHOOL DUMPSTER AREA","85 Oxford St	","42.3824","-71.1168","true","Box","12",,"0","0","5","7","0","0","0","4","1","2","0","0","0","0","0","0","Yes","POINT (-71.1168143 42.3823558)"
"17000760","ALEWIFE BROOK PKWY","25 Alewife Pkwy","42.402","-71.1346","false","Pipe","4","0","4","0","0","0","0","0","0","0","0","0","0","0","0","0","0","0","No","POINT (-71.134614 42.4020265)"
"21000728","BOX #28 BEHIND ROCK IN WINTHROP PARK","Winthrop Sequare","42.3725","-71.1205","false","Box","0","0","0","0","0","0","0","0","0","0","0","0","0","0","0","0","0","0","No","POINT (-71.1205 42.37246)"
"21006623","COOPER PARK","Cooper Park","42.3695","-71.1078","false","Box","15","0","15","0","0","0","0","0","0","0","0","0","0","0","0","0","0","0","No","POINT (-71.1078085 42.3694655)"
"21100965","(DPW) CAMBRIDGEPORT EAST IN COMMUNITY PARK ALONG LEFT FENCE","520 Putnam Ave","42.3582","-71.1087","true","Box","7",,"0","0","0","7","0","0","0","0","4","3","0","0","0","0","0","0","No","POINT (-71.1086673 42.3582348)"
"17000776","APPLETON ST","192 Appleton St","42.3828","-71.1334","false","Pipe","66","0","0","0","53","13","5","8","0","0","0","0","0","0","0","0","0","0","No","POINT (-71.1334 42.38276098)"
"20070734","CLARY ST	REAR OF HOME ALONG FENCE	","10 Clary St","42.3739","-71.0983","false","Box","18","0","0","18","0","0","0","0","0","0","0","0","0","0","0","0","0","0","No","POINT (-71.0982687 42.3739076)"
"21001226","GREEN ROSE PARK TRASH CAN 2 13","Greene-Rose Heritage Park","42.3661","-71.095","false","Box","26","10","16","0","0","0","0","0","0","0","0","0","0","0","0","0","0","0","No","POINT (-71.095 42.36613)"
"21101031","(DPW) WELLINGTON - HARRINGTON BEHIND HOME PLATE OF DONNELLY FIELD","Donnelly Field","42.3696","-71.0915","true","Box","0",,"0","0","0","0","0","0","0","0","0","0","0","0","0","0","0","0","No","POINT (-71.09146792 42.36964739)"
"21006488","(addition) 161 WASHINGTON ST","161 Washington St","42.3652","-71.0956","true","Box","10",,"0","0","10","0","0","0","0","0","0","0","0","0","0","0","0","0","Yes","POINT (-71.0955713 42.3651771)"
"21100860"," #KC CITY OF CAMBRIDGE PB #SN CENTRAL SQ ALONG FENCE OFF OF GREEN ST NEXT TO RED DUMPSTERS"," 119 Green St","42.3631","-71.1008","true","Box","6",,"0","0","0","6","0","0","0","5","0","1","0","0","0","0","0","0","Yes","POINT (-71.10076388 42.36310539)"
"21006519","175 CAMBRIDGEPARK DR FENCE ACROSS FROM DUMPSTERS","175 Cambridgepark Dr","42.3955","-71.1472","false","Box","0",,"0","0","0","0","0","0","0","0","0","0","0","0","0","0","0","0","No","POINT (-71.1472306 42.3954782)"
"21014813","TOOMEY PARK SECOND AND ROGERS","175 Second St","42.3662","-71.0798","true","Box","17",,"0","5","8","4","0","0","1","0","1","1","1","0","0","0","0","0","No","POINT (-71.07976808 42.36618)"
"17000119","PORTER RD MANHOLE IN FRONT OF 46 PORTER RD","46 Porter Rd","42.3891","-71.1217","false","Pipe","0",,"0","0","0","0","0","0","0","0","0","0","0","0","0","0","0","0","No","POINT (-71.1216871 42.3890544)"
"21000567","BACK FINCE IN COOMMUNITY GARDEN 69 CHARLES ST","69 Charles St","42.3677","-71.0798","false","Box","29","0","14","15","0","0","0","0","0","0","0","0","0","0","0","0","0","0","No","POINT (-71.0798 42.36766)"
"21005039","MILLERS RIVER APARTMENTS	","15 Lambert St	","42.3727","-71.0872","true","Box","25",,"0","0","22","3","1","0","0","0","0","2","0","0","0","0","0","0","No","POINT (-71.0871555 42.3727415)"
"21006971","CHARLES PARK	","124 First St	","42.367","-71.0776","true","Box","8",,"0","0","8","0","0","0","0","0","0","0","0","0","0","0","0","0","No","POINT (-71.0775506 42.3669523)"
"21001224","DANA PARK LAWRENCE ST ENTRANCE 19","14 Lawrence St","42.3614","-71.1072","false","Box","2","2","0","0","0","0","0","0","0","0","0","0","0","0","0","0","0","0","No","POINT (-71.1072 42.3614)"
"21055525","(addition) WILLOW ST HOMES TRASH AREA","14-16 Palermo St","42.3716","-71.093","false","Box","3",,"0","0","3","0","0","0","0","0","0","0","0","0","0","0","0","0","Yes","POINT (-71.09304 42.3716029816)"
"21005668","WAR MEMORIAL REC CENTER","1640 Cambridge St","42.3748","-71.1098","true","Box","20","0","12","5","1","2","0","1","0","0","0","1","0","0","0","0","0","0","No","POINT (-71.1098287 42.3747536)"
"21007051","TOOMEY PARK ROGERS ST BIG BELLY","71 Rogers St","42.3664","-71.0808","false","Box","1","0","1","0","0","0","0","0","0","0","0","0","0","0","0","0","0","0","No","POINT (-71.0808107 42.36635819)"
"20074665/21004862","(addition) MLK SCHOOL","111 Kinnaird St","42.3675","-71.1128","true","Box","0",,"0","0","0","0","0","0","0","0","0","0","0","0","0","0","0","0","Yes","POINT (-71.112815 42.3675306)"
"21089816","(DPW) ACORN PARK RIGHT OF GARAGE DOOR","51 Mooney St","42.395","-71.1527","true","Box","2",,"0","0","0","2","0","0","0","0","0","2","0","0","0","0","0","0","No","POINT (-71.15274998 42.39496162)"
"21089168"," #KC CITY OF CAMBRIDGE PB #SN CENTRAL SQ IN THE REAR PARKING LOT BEHIND GREEN ST"," 438 Massachusetts ave","42.3634","-71.1009","true","Box","11",,"0","0","0","11","0","0","0","2","3","6","0","0","0","0","0","0","Yes","POINT (-71.1008622 42.3633653)"
"21000549","BACK RIGHT CORNER OF STARLIGHT SQUARE PARKING","583 Massachusetts Ave","42.3652","-71.1021","false","Box","2","0","2","0","0","0","0","0","0","0","0","0","0","0","0","0","0","0","No","POINT (-71.10212717 42.36523821)"
"21005595","GARDEN REAR","254 Broadway","42.3672","-71.0965","false","Box","0","0","0","0","0","0","0","0","0","0","0","0","0","0","0","0","0","0","No","POINT (-71.096451 42.367207)"
"21088345","(PB) ACORN PARK ATTACHED TO FENCE BEHIND DUMPSTER","362 Rindge Ave","42.3926","-71.1381","true","Box","2",,"0","0","0","2","0","0","0","1","0","1","0","0","0","0","0","0","Yes","POINT (-71.1381297 42.3925535)"
"21100899","(PB) HARVARD SQUARE BACK ALLEY OF 54 CHURCH STREET","52 Church Street","42.3738","-71.1206","true","Box","7",,"0","0","0","7","0","0","0","0","5","2","0","0","0","0","0","0","Yes","POINT (-71.12055819 42.37384761)"
"21101035","(PB) INMAN SQUARE IN DUMPSTER CAGE BEHIND 198 WILLOW","198 Willow St","42.3739","-71.0917","true","Box","2",,"0","0","0","2","0","0","0","1","1","0","0","0","0","0","0","0","Yes","POINT (-71.0916721 42.3738926)"
"17001615","SIDNEY @ ALLSTON","240 Sidney St","42.3569","-71.1062","false","Pipe","16","0","16","0","0","0","0","0","0","0","0","0","0","0","0","0","0","0","No","POINT (-71.1062275 42.3568877)"
"21055424","(addition) PUTNAM GARDENS TRASH BUILDING 1 BOX 1","1 Putnam Gardens	","42.3657","-71.1133","true","Box","22",,"0","0","16","6","2","2","1","0","1","0","0","0","0","0","0","0","Yes","POINT (-71.1132610847 42.365738)"
"21101260","(PB) INMAN SQUARE WILLOW STREET CHA TRASH HOUSE ACROSS FROM 119 BY STAIRS INSIDE TRASH HOUSE","119 Willow St","42.3728","-71.0916","true","Box","10",,"0","0","0","10","0","0","0","0","3","7","0","0","0","0","0","0","Yes","POINT (-71.091634 42.3728478)"
"21100267","(PB) NIEGHBORHOOD 9 BY DUMPSTER ALONG FENCE LEFT OF 70","70 Lincoln Way","42.3886","-71.1288","true","Box","8",,"0","0","0","8","0","0","0","0","6","2","0","0","0","0","0","0","Yes","POINT (-71.1288349 42.3885677)"
"21089181","(DPW) ACORN PARK ON RIGHT SIDE OF BUILDING BETWEEN 165 AND 125 BUILDINGS. BEHIND DUMPSTER","165 Cambridgepark Dr","42.3954","-71.1471","true","Box","1",,"0","0","0","1","0","0","0","0","0","1","0","0","0","0","0","0","No","POINT (-71.1471443 42.3954491)"
"20129364/21005112","CLARK STREET","151 Clark St","42.3666","-71.0945","true","Box","13",,"0","0","9","4","2","0","0","1","0","1","0","0","0","0","0","0","No","POINT (-71.0944864 42.36658)"
"21100935","(DPW) CAMBRIDGEPORT EAST NEXT TO DUMPSTER BY TERNAN ST","70 Magazine St","42.3614","-71.1078","true","Box","2",,"0","0","0","2","0","0","0","0","1","1","0","0","0","0","0","0","No","POINT (-71.1078023 42.3614028)"
"21101247","(DPW) SHANNONS TOWN IN COOPER PARK ALONG FENCE NEAR BRICK BUILDING","5 centre st","42.3694","-71.1079","true","Box","6",,"0","0","0","6","0","0","0","2","4","0","0","0","0","0","0","0","No","POINT (-71.10793266 42.36941229)"
"21006192","TOOMEY PARK SLIDES","175 Second St","42.3665","-71.0799","false","Box","3","0","0","3","0","0","0","0","0","0","0","0","0","0","0","0","0","0","No","POINT (-71.07991768 42.36648997)"
"21006260","GOLD STAR PARK	1","123 Gore St","42.3729","-71.0838","false","Box","13","0","13","0","0","0","0","0","0","0","0","0","0","0","0","0","0","0","No","POINT (-71.0837612 42.372862)"
"21000636","KENNARD ST IN PLAYGROUND 20","83 Kinnaird St","42.3672","-71.1113","false","Box","6","2","4","0","0","0","0","0","0","0","0","0","0","0","0","0","0","0","No","POINT (-71.1113 42.36715)"
"17001685","BROOKLINE @ ALLSTON","246 Brookline St","42.3579","-71.1073","false","Pipe","1","0","1","0","0","0","0","0","0","0","0","0","0","0","0","0","0","0","No","POINT (-71.1072572 42.3579396)"
"17000077","CEDAR ST & HARVEY ST ","Cedar St & Harvey St","42.3972","-71.1309","false","Pipe","25","0","0","25","0","0","0","0","0","0","0","0","0","0","0","0","0","0","No","POINT (-71.13089 42.3971986)"
"21007159","KENNEDY-LONGFELLOW SCHOOL","158 Spring St","42.3695","-71.0872","false","Box","3","0","3","0","0","0","0","0","0","0","0","0","0","0","0","0","0","0","No","POINT (-71.0871966 42.3695143)"
"21004720","ALBERICO PARK","Alberico Park","42.3609","-71.1126","false","Box","0","0","0","0","0","0","0","0","0","0","0","0","0","0","0","0","0","0","No","POINT (-71.1126364 42.3609341)"
"21014813","TOOMEY PARK","160 Second St","42.3666","-71.0797","false","Box","13","0","5","8","0","0","0","0","0","0","0","0","0","0","0","0","0","0","No","POINT (-71.0797 42.36661)"
"21001537","(addition) 140 HARVARD ST","140 Harvard St	","42.3655","-71.0946","true","Box","5",,"0","0","1","4","4","0","0","0","0","0","0","0","0","0","0","0","Yes","POINT (-71.0946181 42.365462)"
"21079081","(DPW) CAMBRIDGEPORT EAST BEHIND TRASH NEAR BASKETBALL COURT OFF LAWRENCE ST","70 Magazine St","42.3614","-71.1078","true","Box","0",,"0","0","0","0","0","0","0","0","0","0","0","0","0","0","0","0","No","POINT (-71.1078023 42.3614028)"
"21092105","(DPW) CENTRAL SQUARE ATTACHED TO FENCE RIGHT REAR OF BUILDING","5 Lee St","42.3682","-71.1075","true","Box","2",,"0","0","0","2","0","0","0","0","0","2","0","0","0","0","0","0","No","POINT (-71.10747447 42.36821564)"
"21100822"," #KC CITY OF CAMBRIDGE PB #SN CENTRAL SQ IN ALLEY WAY ALONG FENCE"," 30 Norfolk St","42.3649","-71.1013","true","Box","16",,"0","0","0","16","0","0","0","12","4","0","0","0","0","0","0","0","Yes","POINT (-71.10125105 42.36493116)"
"21014813","CAMBRIDGE PUBLIC LIBRARY","449 Broadway","42.3741","-71.1107","false","Box","5","0","5","0","0","0","0","0","0","0","0","0","0","0","0","0","0","0","No","POINT (-71.1107215 42.3741465)"
"21001185","DPW 147 HAMPSHIRE ST BEHIND TRAILER 6","147 Hampshire St","42.3715","-71.0974","false","Box","11","4","4","3","0","0","0","0","0","0","0","0","0","0","0","0","0","0","No","POINT (-71.0974 42.3715)"
"21008113","(addition) MORSE SCHOOL DUMPSTER AREA","40 Granite St","42.3561","-71.1135","true","Box","23",,"0","0","23","0","0","0","0","0","0","0","0","0","0","0","0","0","Yes","POINT (-71.1134520847 42.3560932868)"
"21005527","RUSSELL PLAYGROUND ","341 Rindge Ave	","42.3947","-71.1379","false","Box","0",,"0","0","0","0","0","0","0","0","0","0","0","0","0","0","0","0","No","POINT (-71.1378903958 42.39470717)"
"21000940","UNIVERSITY RD BOX 1","4 University Rd	","42.3731","-71.1229","true","Box","0",,"0","0","0","0","0","0","0","0","0","0","0","0","0","0","0","0","No","POINT (-71.1229111 42.3730838)"
"21078894","(PB) HARVARD SQUARE ALLEY BETWEEN 1 & 5 STORY STREET ON RIGHT SIDE BEHIND DUMPSTERS UNDER GAS METERS","5 Story St","42.3742","-71.1222","true","Box","4",,"0","0","0","4","0","0","0","0","0","4","0","0","0","0","0","0","Yes","POINT (-71.12220703 42.37423248)"
"21062059/21060505","(addition) HOWARD COMPLEX TRASH LEFT SIDE OF COMPLEX","231 River St","42.3631","-71.1116","true","Box","1",,"0","0","0","1","0","0","0","0","1","0","0","0","0","0","0","0","Yes","POINT (-71.1115963 42.3631226)"
"17000126","46 PORTER RD","46 Porter Rd","42.3891","-71.1218","false","Pipe","154","0","151","3","0","0","0","0","0","0","0","0","0","0","0","0","0","0","No","POINT (-71.1217962 42.389073)"
"21079996","(PB) HARVARD SQUARE CONNECTED TO GAS METER PIPE ON LEFT SIDE BACK OF 1294 MASS AVE","1290 Massachusetts Ave","42.3725","-71.1171","true","Box","1",,"0","0","0","1","0","0","0","0","1","0","0","0","0","0","0","0","Yes","POINT (-71.1171339 42.37251582)"
"21055525","(addition) WILLOW ST HOMES BOX 1 ALLEY LEFT SIDE IF HOUSE BY STORAGE BIN","14 Palermo St","42.3716","-71.0929","true","Box","1",,"0","0","0","1","0","0","1","0","0","0","0","0","0","0","0","0","No","POINT (-71.0929249 42.37164874)"
"21003827","DONNELLY FIELD","Berkshire and York St","42.3694","-71.0914","false","Box","0","0","0","0","0","0","0","0","0","0","0","0","0","0","0","0","0","0","No","POINT (-71.0913946 42.3693921)"
"21006794","BREWER ST BEHIND DUMPSTER","5 Brewer St","42.3738","-71.1253","true","Box","39",,"0","0","39","0","0","0","0","0","0","0","0","0","0","0","0","0","No","POINT (-71.1252542 42.3738065)"
"21007073","88 PEMBERTON STT REAR","88 Pemberton St","42.3905","-71.1269","true","Box","20",,"0","1","19","0","0","0","0","0","0","0","0","0","0","0","0","0","No","POINT (-71.1269427 42.3904975)"
"21088680","(PB) HARVARD SQUARE REAR OF 10 CHURCH STREET IN BACK ALLEY BY DUMPSTERS","47 Palmer St","42.3741","-71.12","true","Box","5",,"0","0","0","5","0","0","0","0","5","0","0","0","0","0","0","0","Yes","POINT (-71.11999527 42.37414909)"
"21026282","BISHOP ALLEN DRIVE DUMPSTER AREA","Bishop Richard","42.3652","-71.1019","false","Box","1",,"0","1","0","0","0","0","0","0","0","0","0","0","0","0","0","0","No","POINT (-71.101861 42.365166)"
"17003345","RINDGE MANHOLE AT INTERSECTION OF RIDGE AND HASKELL. FURTHEST MANHOLE FROM SCHOOL","59 Rindge Ave","42.3928","-71.1273","false","Pipe","31",,"0","0","0","31","0","0","0","0","22","9","0","0","0","0","0","0","No","POINT (-71.1273328 42.3927553)"
"21089180","(PB) HARVARD SQUARE ALLEY BETWEEN 15 & 35 DUNSTER STREET. CONNECTED TO FENCE ON RIGHT OF COMPACTOR DUMPSTER","15 Dunster Street","42.3728","-71.1195","true","Box","10",,"0","0","0","10","0","0","0","1","3","6","0","0","0","0","0","0","Yes","POINT (-71.1195204 42.3727989)"
"21088130"," #KC CITY OF CAMBRIDGE PB #SN CENTRAL SQ FRONT LEFT CORNER BEHIND BUSHES"," 795 Massachusetts Ave","42.3672","-71.106","true","Box","0",,"0","0","0","0","0","0","0","0","0","0","0","0","0","0","0","0","Yes","POINT (-71.10601475 42.36715523)"
"20043627/21003720 ","BROADWAY DUMPSTERS","353 Broadway	","42.371","-71.1038","true","Box","0",,"0","0","0","0","0","0","0","0","0","0","0","0","0","0","0","0","No","POINT (-71.1037916 42.3709855)"
"21003968","BISHOP ALLEN DR","39 Bishop Allen Drive","42.3646","-71.0998","false","Box","5","0","5","0","0","0","0","0","0","0","0","0","0","0","0","0","0","0","No","POINT (-71.0998 42.36457)"
